fifth_lane_age,fifth_lane_boat,fifth_lane_height,fifth_lane_last_rank_1,fifth_lane_last_rank_2,fifth_lane_last_rank_3,fifth_lane_motor,fifth_lane_name,fifth_lane_rank,fifth_lane_top_boat_perc,fifth_lane_top_local_perc,fifth_lane_top_motor_perc,fifth_lane_top_national_perc,fifth_lane_weight,first_lane_age,first_lane_boat,first_lane_height,first_lane_last_rank_1,first_lane_last_rank_2,first_lane_last_rank_3,first_lane_motor,first_lane_name,first_lane_rank,first_lane_top_boat_perc,first_lane_top_local_perc,first_lane_top_motor_perc,first_lane_top_national_perc,first_lane_weight,fourth_lane_age,fourth_lane_boat,fourth_lane_height,fourth_lane_last_rank_1,fourth_lane_last_rank_2,fourth_lane_last_rank_3,fourth_lane_motor,fourth_lane_name,fourth_lane_rank,fourth_lane_top_boat_perc,fourth_lane_top_local_perc,fourth_lane_top_motor_perc,fourth_lane_top_national_perc,fourth_lane_weight,link,race_name,race_place,race_title,second_lane_age,second_lane_boat,second_lane_height,second_lane_last_rank_1,second_lane_last_rank_2,second_lane_last_rank_3,second_lane_motor,second_lane_name,second_lane_rank,second_lane_top_boat_perc,second_lane_top_local_perc,second_lane_top_motor_perc,second_lane_top_national_perc,second_lane_weight,sixth_lane_age,sixth_lane_boat,sixth_lane_height,sixth_lane_last_rank_1,sixth_lane_last_rank_2,sixth_lane_last_rank_3,sixth_lane_motor,sixth_lane_name,sixth_lane_rank,sixth_lane_top_boat_perc,sixth_lane_top_local_perc,sixth_lane_top_motor_perc,sixth_lane_top_national_perc,sixth_lane_weight,third_lane_age,third_lane_boat,third_lane_height,third_lane_last_rank_1,third_lane_last_rank_2,third_lane_last_rank_3,third_lane_motor,third_lane_name,third_lane_rank,third_lane_top_boat_perc,third_lane_top_local_perc,third_lane_top_motor_perc,third_lane_top_national_perc,third_lane_weight
(22),69,162,B1,B1,B1,67,福田翔吾,B1,36.96,37.50,30.77,19.32,53,(54),60,165,B1,B1,B1,29,渡邊哲也,B1,42.86,27.59,20.00,32.08,55,(46),71,159,A2,A2,A2,28,高橋英之,A2,48.84,46.15,38.10,41.41,52,https://race.kyotei.club/info/info-20210206-01-4.html,,,,(28),34,164,A2,A1,A2,34,木村仁紀,B1,46.51,36.67,50.00,21.90,54,(39),38,166,A1,A1,A1,42,福来　剛,A1,18.42,63.27,26.92,53.16,53,(41),27,167,A2,A2,A1,75,東本勝利,A2,44.68,31.91,17.86,41.11,53
(55),49,161,B1,B1,B1,12,小森信雄,B1,33.33,25.00,21.88,25.64,52,(39),30,171,A1,A1,A1,25,中野次郎,A1,26.83,48.89,9.68,50.36,53,(48),32,164,B1,B1,B1,31,齋藤智裕,B1,45.65,22.92,18.52,17.65,59,https://race.kyotei.club/info/info-20210206-01-6.html,,,,(23),12,165,B1,B1,B1,69,牟田奨太,B1,55.56,8.70,26.92,12.31,55,(24),63,151,B2,B2,,48,沼田大都,B2,30.95,0.00,37.50,0.00,53,(48),39,163,B1,B1,B1,37,小川知行,B1,26.67,28.57,30.43,28.95,52
(48),39,163,B1,B1,B1,37,小川知行,B1,26.67,28.57,30.43,28.95,52,(54),28,162,B1,B1,B1,59,齋藤　勇,B1,29.27,19.35,52.38,19.40,51,(41),58,160,B1,A2,A2,50,野末智一,A2,27.27,27.27,39.13,33.08,50,https://race.kyotei.club/info/info-20210206-01-2.html,,,,(31),74,172,A2,B1,B1,45,小池哲也,A2,15.56,35.29,48.15,37.50,54,(21),29,168,B2,B2,B2,41,砂長知輝,B1,40.48,4.00,42.31,12.50,53,(53),67,166,A2,B1,A2,63,渡辺　豊,B1,34.88,33.33,12.90,39.86,55
(41),16,170,A2,A1,A1,38,作間　章,A2,24.44,52.00,28.00,47.83,53,(52),73,166,B1,B2,B1,66,塚原武之,B1,35.42,27.03,48.15,17.74,54,(46),64,168,B1,A2,A2,23,淺香文武,A2,23.26,41.18,53.85,42.35,55,https://race.kyotei.club/info/info-20210206-01-3.html,,,,(39),36,165,A2,A1,A1,27,谷川祐一,A1,23.40,50.00,44.00,49.49,52,(25),72,163,B1,B2,B2,46,木下雄介,B1,37.50,0.00,25.00,16.48,52,(33),66,171,A2,A2,A1,20,重木輝彦,B1,51.06,71.43,38.46,46.02,48
(36),15,164,A1,A1,A1,35,土屋智則,A1,25.00,51.77,46.43,47.06,51,(32),61,165,B1,A2,A2,61,前田聖文,A2,22.92,42.22,48.15,44.79,53,(22),65,172,B2,B2,B2,16,鈴木孝明,B1,41.86,0.00,26.67,15.63,54,https://race.kyotei.club/info/info-20210206-01-8.html,,,,(55),52,159,B1,B1,B1,36,三品隆浩,B1,27.91,17.65,35.71,19.23,54,(26),35,159,B2,,,71,坂本雄紀,B2,32.56,0.00,33.33,0.00,52,(54),60,165,B1,B1,B1,29,渡邊哲也,B1,42.86,27.59,20.00,32.08,55
(33),66,171,A2,A2,A1,20,重木輝彦,B1,51.06,71.43,38.46,46.02,48,(41),58,160,B1,A2,A2,50,野末智一,A2,27.27,27.27,39.13,33.08,50,(44),55,156,A2,A1,A2,11,黒崎竜也,B1,20.00,52.63,41.67,35.71,50,https://race.kyotei.club/info/info-20210206-01-10.html,,,,(48),24,166,A2,A2,A2,65,富永正人,A2,34.88,34.88,12.50,24.71,53,(35),57,168,A1,A1,A1,33,長田頼宗,A1,30.43,51.72,20.00,57.86,54,(46),71,159,A2,A2,A2,28,高橋英之,A2,48.84,46.15,38.10,41.41,52
(35),31,173,B1,B1,B1,72,鹿島敏弘,B1,46.51,33.01,42.86,18.42,55,(53),68,166,B1,B1,B1,22,萩原善行,B1,31.71,12.15,36.00,12.20,49,(35),57,168,A1,A1,A1,33,長田頼宗,A1,30.43,51.72,20.00,57.86,54,https://race.kyotei.club/info/info-20210206-01-1.html,,,,(55),49,161,B1,B1,B1,12,小森信雄,B1,33.33,25.00,21.88,25.64,52,(21),26,163,B2,B1,B2,64,佐藤　航,B1,39.58,16.00,29.63,21.79,52,(55),52,159,B1,B1,B1,36,三品隆浩,B1,27.91,17.65,35.71,19.23,54
(36),70,162,B1,A2,A2,14,桑島和宏,A2,27.27,35.71,25.00,38.14,55,(41),27,167,A2,A2,A1,75,東本勝利,A2,44.68,31.91,17.86,41.11,53,(32),61,165,B1,A2,A2,61,前田聖文,A2,22.92,42.22,48.15,44.79,53,https://race.kyotei.club/info/info-20210206-01-11.html,,,,(41),16,170,A2,A1,A1,38,作間　章,A2,24.44,52.00,28.00,47.83,53,(31),74,172,A2,B1,B1,45,小池哲也,A2,15.56,35.29,48.15,37.50,54,(51),56,162,A2,A1,A1,52,加藤高史,A2,38.46,56.25,17.24,31.37,54
(30),28,166,B1,B1,B1,27,雑賀勇貴,B1,35.00,33.33,39.68,24.64,53,(34),55,164,B1,A2,B1,58,服部　剛,B1,27.78,29.17,36.29,23.26,52,(22),50,166,B2,B2,B2,22,芝田京介,B1,38.02,1.96,46.62,3.85,51,https://race.kyotei.club/info/info-20210206-02-1.html,,,,(56),24,160,B1,B1,B1,12,宮本紀美,B1,28.32,9.52,29.84,11.43,49,(31),51,161,B1,B1,B1,25,柳内敬太,B1,25.44,42.86,30.65,37.27,51,(30),21,166,B1,B1,B1,24,石井孝之,B1,38.52,16.22,29.17,24.71,54
(34),25,170,A2,B1,A1,31,渡邉雄朗,A2,44.95,57.14,35.00,50.82,53,(38),17,158,A2,B1,A2,63,佐竹友樹,B1,24.14,37.62,42.15,30.09,52,(46),11,158,A1,A2,A2,32,大澤普司,A2,27.87,51.52,35.92,50.00,55,https://race.kyotei.club/info/info-20210206-02-3.html,,,,(47),59,165,A2,A2,B1,54,久田　武,A2,38.33,42.31,34.26,37.00,53,(34),66,164,A1,A1,A1,51,和田兼輔,A1,38.66,0.00,31.97,43.69,51,(31),18,151,B1,B1,B1,53,寺島美里,B1,26.50,22.22,35.77,26.97,46
(46),57,162,A1,A2,A1,60,繁野谷圭,A2,37.40,40.74,34.40,40.16,53,(47),46,164,B1,A2,A2,15,長谷川充,B1,39.02,44.44,38.71,27.27,52,(34),47,172,B1,B1,B1,48,黄金井力,B1,27.64,27.45,46.58,24.77,57,https://race.kyotei.club/info/info-20210206-02-4.html,,,,(36),52,163,A2,A2,A2,39,桑原将光,A2,33.33,60.61,37.69,37.86,52,(47),22,165,A2,A2,A1,5,牧　宏次,A1,33.03,53.66,41.83,32.65,52,(41),45,159,A2,A2,B1,36,松下直也,A2,21.14,32.00,33.88,32.11,52
(46),64,168,B1,A2,A2,23,淺香文武,A2,23.26,41.18,53.85,42.35,55,(53),45,153,A2,B1,A2,68,乙津康志,A2,32.61,50.77,39.29,45.69,51,(53),67,166,A2,B1,A2,63,渡辺　豊,B1,34.88,33.33,12.90,39.86,55,https://race.kyotei.club/info/info-20210206-01-9.html,,,,(35),31,173,B1,B1,B1,72,鹿島敏弘,B1,46.51,33.01,42.86,18.42,55,(28),34,164,A2,A1,A2,34,木村仁紀,B1,46.51,36.67,50.00,21.90,54,(50),48,159,A2,A2,A2,43,河合三弘,A2,50.00,40.00,48.00,38.58,53
(53),45,153,A2,B1,A2,68,乙津康志,A2,32.61,50.77,39.29,45.69,51,(44),55,156,A2,A1,A2,11,黒崎竜也,B1,20.00,52.63,41.67,35.71,50,(51),56,162,A2,A1,A1,52,加藤高史,A2,38.46,56.25,17.24,31.37,54,https://race.kyotei.club/info/info-20210206-01-5.html,,,,(35),50,169,A1,A1,A1,19,前沢丈史,A1,44.68,45.59,10.71,51.04,55,(22),19,164,B1,B2,B2,51,宮田龍馬,B1,30.23,0.00,36.00,20.18,53,(33),47,165,B1,B1,B1,40,中嶋達也,B1,34.78,18.75,30.77,14.46,53
(54),28,162,B1,B1,B1,59,齋藤　勇,B1,29.27,19.35,52.38,19.40,51,(36),70,162,B1,A2,A2,14,桑島和宏,A2,27.27,35.71,25.00,38.14,55,(20),37,166,B1,B2,B2,44,生方靖亜,B1,23.26,6.67,25.00,9.84,53,https://race.kyotei.club/info/info-20210206-01-7.html,,,,(48),51,167,B1,B1,B1,60,小巻良至,B1,38.46,20.83,17.14,25.00,53,(20),11,169,B2,,,15,小川竜太,B2,32.56,0.00,41.67,3.57,54,(39),41,168,A1,A1,A1,56,久田敏之,A1,12.50,71.43,24.24,65.79,52
(27),12,164,B1,B2,B2,62,高石梨菜,B2,48.67,33.33,44.78,31.43,52,(59),39,160,B1,B1,B1,49,山来和人,B1,27.36,17.65,35.25,24.39,54,(39),43,167,A2,A1,A2,21,赤羽克也,A2,34.43,27.96,29.20,39.25,55,https://race.kyotei.club/info/info-20210206-02-2.html,,,,(51),62,162,B1,B1,B1,64,栗原謙治,B1,38.61,18.92,40.68,19.51,56,(25),33,170,B1,B1,B2,9,中島秀治,B1,26.89,0.00,39.58,27.00,55,(45),34,171,B1,B1,B1,7,横井健太,B1,40.50,21.43,35.66,23.46,55
(34),53,164,A1,A1,A2,30,小山　勉,A1,28.93,41.84,34.35,48.57,53,(41),38,162,B1,B1,B1,1,後藤陽介,A2,24.56,40.54,35.66,35.80,56,(59),39,160,B1,B1,B1,49,山来和人,B1,27.36,17.65,35.25,24.39,54,https://race.kyotei.club/info/info-20210206-02-8.html,,,,(30),28,166,B1,B1,B1,27,雑賀勇貴,B1,35.00,33.33,39.68,24.64,53,(45),72,170,B1,B1,B1,6,寺嶋　雄,B1,38.26,17.24,32.77,31.25,51,(47),46,164,B1,A2,A2,15,長谷川充,B1,39.02,44.44,38.71,27.27,52
(47),59,165,A2,A2,B1,54,久田　武,A2,38.33,42.31,34.26,37.00,53,(53),37,165,A1,A1,A2,43,高橋　勲,A2,34.75,38.89,34.17,42.59,55,(34),55,164,B1,A2,B1,58,服部　剛,B1,27.78,29.17,36.29,23.26,52,https://race.kyotei.club/info/info-20210206-02-9.html,,,,(46),57,162,A1,A2,A1,60,繁野谷圭,A2,37.40,40.74,34.40,40.16,53,(41),35,167,A2,A2,A2,37,山田亮太,A2,44.74,45.16,33.33,40.40,52,(28),14,156,B1,B1,B1,18,村上奈穂,B1,32.71,14.29,37.61,17.65,51
(36),52,163,A2,A2,A2,39,桑原将光,A2,33.33,60.61,37.69,37.86,52,(47),30,169,A1,A2,A1,16,川原正明,A2,32.77,42.31,33.33,33.58,52,(36),77,151,B1,B1,B1,20,今井裕梨,B1,32.52,14.29,34.35,30.26,44,https://race.kyotei.club/info/info-20210206-02-10.html,,,,(34),25,170,A2,B1,A1,31,渡邉雄朗,A2,44.95,57.14,35.00,50.82,53,(47),23,166,A2,A2,A2,17,佐竹恒彦,A2,43.86,36.36,29.55,32.00,52,(31),51,161,B1,B1,B1,25,柳内敬太,B1,25.44,42.86,30.65,37.27,51
(45),34,171,B1,B1,B1,7,横井健太,B1,40.50,21.43,35.66,23.46,55,(41),45,159,A2,A2,B1,36,松下直也,A2,21.14,32.00,33.88,32.11,52,(47),13,167,A2,A2,A2,40,伯母芳恒,A2,25.45,28.57,41.67,35.09,55,https://race.kyotei.club/info/info-20210206-02-11.html,,,,(36),63,167,A2,A2,B1,56,平田さや,A2,30.33,27.59,29.91,37.07,48,(46),11,158,A1,A2,A2,32,大澤普司,A2,27.87,51.52,35.92,50.00,55,(51),65,165,A2,A2,A2,47,中里昌志,B1,33.33,35.48,29.51,26.85,50
(24),62,168,B2,B2,,52,坪井爽佑,B2,33.73,0.00,30.87,1.61,58,(36),56,165,B1,B1,B1,17,伴　将典,B1,37.58,36.00,26.75,21.05,61,(34),34,163,B1,B1,B2,31,伊藤紘章,B1,30.82,34.62,27.54,34.62,52,https://race.kyotei.club/info/info-20210206-03-1.html,,,,(25),63,168,B1,B1,B1,59,松井友汰,B1,37.65,17.14,24.84,20.41,55,(51),36,165,B1,B1,B1,36,堂原洋史,B1,30.77,25.00,34.12,21.74,51,(25),26,166,B1,B1,B2,40,松本純平,B1,39.51,6.06,30.77,29.79,59
(51),62,162,B1,B1,B1,64,栗原謙治,B1,38.61,18.92,40.68,19.51,56,(52),75,160,B1,B1,B1,3,冨田秀幸,B1,33.64,30.43,40.00,27.08,52,(47),68,163,B1,B1,A2,65,浦上拓也,B1,33.03,30.43,39.29,30.26,51,https://race.kyotei.club/info/info-20210206-02-6.html,,,,(41),19,160,B1,B1,B1,11,山崎善庸,B1,40.87,26.47,31.30,23.46,52,(47),13,167,A2,A2,A2,40,伯母芳恒,A2,25.45,28.57,41.67,35.09,55,(47),30,169,A1,A2,A1,16,川原正明,A2,32.77,42.31,33.33,33.58,52
(56),24,160,B1,B1,B1,12,宮本紀美,B1,28.32,9.52,29.84,11.43,49,(29),44,161,B1,B1,B1,13,清埜翔子,B1,29.41,18.57,30.16,16.92,48,(25),58,155,B2,B2,B2,28,瀧川千依,B1,24.35,28.57,34.31,20.29,46,https://race.kyotei.club/info/info-20210206-02-5.html,,,,(28),14,156,B1,B1,B1,18,村上奈穂,B1,32.71,14.29,37.61,17.65,51,(36),77,151,B1,B1,B1,20,今井裕梨,B1,32.52,14.29,34.35,30.26,44,(36),63,167,A2,A2,B1,56,平田さや,A2,30.33,27.59,29.91,37.07,48
(45),43,158,A1,A1,A2,32,山本英志,A1,34.88,50.54,31.68,51.18,50,(40),58,161,B1,B1,B1,20,荒田泰明,B1,39.38,0.00,40.24,31.15,53,(51),24,170,B1,B1,B1,56,中林秀人,B1,32.56,14.29,35.67,17.74,60,https://race.kyotei.club/info/info-20210206-03-4.html,,,,(50),10,159,B1,B1,B1,70,内野省一,B1,27.81,46.43,42.77,33.33,54,(24),25,173,B2,B2,B2,15,栗原一馬,B2,39.64,0.00,37.95,0.00,54,(48),67,160,B1,B1,B1,25,矢橋成介,B1,36.26,27.78,22.73,20.93,59
(51),65,165,A2,A2,A2,47,中里昌志,B1,33.33,35.48,29.51,26.85,50,(39),41,171,A1,A2,A1,42,吉川喜継,A2,31.40,40.00,36.84,33.33,51,(54),31,165,B1,B1,B1,52,坪内　実,B1,39.34,0.00,32.20,22.78,55,https://race.kyotei.club/info/info-20210206-02-7.html,,,,(31),18,151,B1,B1,B1,53,寺島美里,B1,26.50,22.22,35.77,26.97,46,(47),27,170,B1,B1,B1,57,森下　勇,B1,35.29,21.74,52.45,14.94,56,(52),20,164,A2,B1,B1,44,後藤孝義,B1,37.39,30.43,34.62,18.26,52
(45),53,160,B1,A2,A2,54,杢野誓良,B1,31.21,68.00,32.08,31.88,51,(33),11,168,B1,B1,B2,14,浜本裕己,B1,35.15,11.76,31.01,22.43,52,(26),17,157,A2,A1,A2,24,井上一輝,A2,20.67,37.50,35.40,47.78,50,https://race.kyotei.club/info/info-20210206-03-3.html,,,,(48),29,169,B1,B1,B1,39,浅見宗孝,A2,27.70,29.69,34.73,36.17,56,(28),22,166,B2,B1,B1,19,栗原直也,B1,29.41,18.92,42.17,20.00,54,(41),35,170,B1,B1,A2,12,鈴木茂高,B1,27.59,43.48,27.44,25.24,56
(36),56,165,B1,B1,B1,17,伴　将典,B1,37.58,36.00,26.75,21.05,61,(34),32,167,B1,B1,B1,38,渡邊裕貴,B1,38.10,31.58,25.16,26.32,53,(28),22,166,B2,B1,B1,19,栗原直也,B1,29.41,18.92,42.17,20.00,54,https://race.kyotei.club/info/info-20210206-03-7.html,,,,(34),41,162,A2,A2,A2,33,野村　誠,A2,28.93,28.89,29.75,43.81,50,(52),65,160,A2,A2,A2,22,菊池峰晴,A2,26.35,33.33,28.21,39.13,54,(22),14,168,B1,B1,B1,50,櫻井　優,B1,36.36,3.33,33.12,12.50,54
(47),38,166,A1,A1,A1,27,村田修次,A1,30.25,62.50,48.26,44.86,53,(37),19,159,B1,B1,B1,37,加藤　翔,B1,38.46,20.00,37.87,22.33,53,(46),47,162,A2,A2,B1,30,岡部　哲,B1,44.12,48.94,46.99,18.00,53,https://race.kyotei.club/info/info-20210206-03-6.html,,,,(34),34,163,B1,B1,B2,31,伊藤紘章,B1,30.82,34.62,27.54,34.62,52,(37),45,171,B1,B1,B1,11,花本夏樹,B1,24.36,28.95,38.15,20.45,54,(55),21,165,B1,B1,B1,45,吉田隆義,B1,33.33,5.88,26.80,30.00,58
(24),27,169,B2,B2,,51,高井雄基,B1,31.65,0.00,51.48,4.35,54,(45),37,163,B1,B1,B1,48,松浦　勝,B1,31.65,27.78,32.94,20.00,55,(25),40,163,B1,B1,B2,46,久永祥平,B1,41.61,7.95,30.86,23.26,51,https://race.kyotei.club/info/info-20210206-03-5.html,,,,(51),36,165,B1,B1,B1,36,堂原洋史,B1,30.77,25.00,34.12,21.74,51,(29),33,165,B2,B2,B2,67,菊地敬介,B2,35.44,14.29,34.30,16.67,60,(46),52,173,A2,A1,A2,10,折下寛法,A2,44.71,39.22,30.00,39.02,53
(52),65,160,A2,A2,A2,22,菊池峰晴,A2,26.35,33.33,28.21,39.13,54,(45),60,165,B1,B1,B1,13,秋田健太,B1,30.00,27.27,35.06,22.22,61,(37),49,169,A2,B1,B1,28,新出浩司,A2,29.81,40.00,31.58,36.59,53,https://race.kyotei.club/info/info-20210206-03-2.html,,,,(37),45,171,B1,B1,B1,11,花本夏樹,B1,24.36,28.95,38.15,20.45,54,(52),31,160,B1,B1,B1,69,坂東　満,B1,34.88,0.00,43.64,29.23,53,(26),15,167,A1,A1,A2,26,佐藤隆太,A2,33.53,51.85,35.50,25.49,53
(40),58,161,B1,B1,B1,20,荒田泰明,B1,39.38,0.00,40.24,31.15,53,(26),15,167,A1,A1,A2,26,佐藤隆太,A2,33.53,51.85,35.50,25.49,53,(49),16,165,B1,A2,A2,62,谷本幸司,B1,34.94,47.83,37.58,32.11,51,https://race.kyotei.club/info/info-20210206-03-9.html,,,,(50),30,161,A2,B1,B1,71,奥平拓也,A2,26.24,39.53,39.88,35.14,52,(50),48,164,B1,B1,B1,64,金子猛志,B1,30.38,23.53,36.21,28.42,64,(32),51,163,B1,A2,A2,58,渡部　悟,A2,34.10,38.00,31.82,39.53,56
(45),60,165,B1,B1,B1,13,秋田健太,B1,30.00,27.27,35.06,22.22,61,(45),12,169,B1,B1,B1,43,小黒竜吾,B1,38.73,44.44,46.24,25.77,58,(24),25,173,B2,B2,B2,15,栗原一馬,B2,39.64,0.00,37.95,0.00,54,https://race.kyotei.club/info/info-20210206-03-8.html,,,,(43),68,167,A1,A1,A1,23,齊藤　仁,A1,40.24,46.97,42.35,50.00,51,(41),35,170,B1,B1,A2,12,鈴木茂高,B1,27.59,43.48,27.44,25.24,56,(49),64,164,B1,B1,B1,55,中村守成,B1,36.26,27.78,38.51,21.62,53
(34),32,167,B1,B1,B1,38,渡邊裕貴,B1,38.10,31.58,25.16,26.32,53,(47),38,166,A1,A1,A1,27,村田修次,A1,30.25,62.50,48.26,44.86,53,(48),67,160,B1,B1,B1,25,矢橋成介,B1,36.26,27.78,22.73,20.93,59,https://race.kyotei.club/info/info-20210206-03-11.html,,,,(46),52,173,A2,A1,A2,10,折下寛法,A2,44.71,39.22,30.00,39.02,53,(37),49,169,A2,B1,B1,28,新出浩司,A2,29.81,40.00,31.58,36.59,53,(26),17,157,A2,A1,A2,24,井上一輝,A2,20.67,37.50,35.40,47.78,50
(45),76,172,B1,B1,B1,36,山崎聖司,B1,23.64,29.51,40.32,28.57,52,(35),20,157,B1,B1,B1,63,寺島吉彦,B1,41.09,23.08,22.22,26.09,50,(39),23,168,A2,A2,A2,47,向後龍一,A1,28.57,39.68,28.57,40.37,51,https://race.kyotei.club/info/info-20210206-04-3.html,,,,(34),71,164,B1,B1,B1,40,森作雄大,B1,37.86,44.74,33.06,24.53,52,(25),15,168,B1,B1,B1,59,鈴木雅希,B1,30.99,25.93,42.06,29.27,54,(32),52,169,B1,B1,B1,22,後藤盛也,B2,26.89,31.25,41.80,22.73,53
(33),11,168,B1,B1,B2,14,浜本裕己,B1,35.15,11.76,31.01,22.43,52,(45),43,158,A1,A1,A2,32,山本英志,A1,34.88,50.54,31.68,51.18,50,(44),54,171,B1,B1,B1,57,汐崎正則,A2,29.27,31.58,29.75,36.05,54,https://race.kyotei.club/info/info-20210206-03-10.html,,,,(32),59,164,A2,A1,A1,41,椎名　豊,A1,31.58,37.93,37.13,53.21,52,(46),47,162,A2,A2,B1,30,岡部　哲,B1,44.12,48.94,46.99,18.00,53,(33),28,163,A2,B1,B1,60,廣瀬真也,A2,37.06,31.87,30.91,35.40,50
(38),10,167,B1,B1,B1,78,長畑友輔,B1,31.25,31.31,26.19,29.73,51,(27),11,165,B1,B1,B1,57,金山立樹,B1,38.41,16.28,33.33,12.38,53,(34),14,171,B1,B1,A2,24,岩永雅人,A1,44.44,38.10,39.84,39.19,52,https://race.kyotei.club/info/info-20210206-04-4.html,,,,(29),19,170,A2,A2,B1,51,伏見俊介,B1,36.15,36.11,37.98,30.17,55,(29),77,172,B1,B1,B1,27,田邉亮蔵,B1,34.17,8.99,38.40,16.90,57,(41),29,156,B2,B1,B1,32,木下陽介,B1,35.07,21.05,29.92,50.75,52
(29),74,167,B1,A2,B1,43,磯村　匠,B1,42.20,26.19,29.60,32.69,51,(31),58,168,B1,B2,B2,37,宮内直哉,B1,25.25,34.55,41.27,20.00,53,(25),65,164,B2,B2,B2,69,上原　崚,B1,30.51,0.00,30.71,3.08,52,https://race.kyotei.club/info/info-20210206-04-6.html,,,,(55),17,167,B1,B1,B1,14,池田雷太,B1,41.09,22.08,40.00,21.25,54,(37),60,168,A2,A2,A1,54,濱崎直矢,A1,33.82,56.06,37.10,42.98,55,(32),53,169,A2,A2,B1,17,戸塚邦好,B1,37.41,34.07,38.21,34.69,52
(21),22,163,B2,B2,,13,堀越雄貴,B2,38.64,0.00,34.40,4.00,52,(28),24,165,B2,B1,B1,52,上村宏太,B1,35.11,14.81,35.48,23.61,52,(50),67,157,A1,A1,A1,12,橋本久和,A1,38.33,54.17,32.23,42.37,52,https://race.kyotei.club/info/info-20210206-04-1.html,,,,(40),57,169,B1,B1,B1,65,板倉敦史,B1,39.20,20.59,41.60,29.03,54,(35),69,162,B1,B1,B2,68,マイケ田,B1,32.77,18.97,35.48,15.96,52,(23),68,158,B2,B2,B2,56,田嶋　塁,B2,32.33,0.00,40.80,3.17,52
(25),65,164,B2,B2,B2,69,上原　崚,B1,30.51,0.00,30.71,3.08,52,(26),25,175,B1,B1,B1,71,内山峻輔,B1,29.84,21.62,23.02,29.73,54,(56),55,167,B1,B1,B1,62,遠藤晃司,B1,28.10,30.77,24.60,24.39,52,https://race.kyotei.club/info/info-20210206-04-2.html,,,,(29),74,167,B1,A2,B1,43,磯村　匠,B1,42.20,26.19,29.60,32.69,51,(34),64,163,B1,B1,B1,58,萩原知哉,B1,30.95,21.52,40.31,25.96,54,(26),12,156,A1,A1,A2,60,関　浩哉,A1,25.23,51.72,40.94,53.03,50
(39),75,168,B1,B1,B1,31,高橋直哉,B1,45.38,35.29,27.20,28.26,53,(40),13,164,A2,B1,B1,33,深澤達徳,B1,43.48,34.48,43.44,30.33,55,(40),54,171,A2,A2,A1,80,上村純一,A1,30.65,32.69,32.79,59.02,52,https://race.kyotei.club/info/info-20210206-04-8.html,,,,(38),10,167,B1,B1,B1,78,長畑友輔,B1,31.25,31.31,26.19,29.73,51,(42),18,160,B1,B1,B1,21,品田直樹,B1,31.78,22.35,37.19,17.81,50,(30),73,169,B1,B1,B1,23,庄司樹良,B1,29.73,23.53,31.20,26.32,54
(32),66,170,B1,B1,B1,29,三浦裕貴,B1,30.47,26.83,29.27,31.15,53,(33),59,166,B1,B1,B1,25,相原利章,B1,33.04,16.67,37.60,26.87,52,(52),70,166,B1,B1,B1,61,森　弘行,B1,24.37,28.38,33.33,21.18,52,https://race.kyotei.club/info/info-20210206-04-5.html,,,,(55),62,164,A1,A1,A1,76,江口晃生,A1,41.54,41.94,34.43,51.89,54,(21),22,163,B2,B2,,13,堀越雄貴,B2,38.64,0.00,34.40,4.00,52,(28),24,165,B2,B1,B1,52,上村宏太,B1,35.11,14.81,35.48,23.61,52
(41),56,160,B1,B1,B1,19,入澤友治,B1,41.38,34.25,40.16,29.33,53,(32),52,169,B1,B1,B1,22,後藤盛也,B2,26.89,31.25,41.80,22.73,53,(35),69,162,B1,B1,B2,68,マイケ田,B1,32.77,18.97,35.48,15.96,52,https://race.kyotei.club/info/info-20210206-04-7.html,,,,(56),55,167,B1,B1,B1,62,遠藤晃司,B1,28.10,30.77,24.60,24.39,52,(23),68,158,B2,B2,B2,56,田嶋　塁,B2,32.33,0.00,40.80,3.17,52,(34),72,169,A2,A1,A2,18,坂元浩仁,A1,47.24,50.00,30.08,48.39,55
(29),19,170,A2,A2,B1,51,伏見俊介,B1,36.15,36.11,37.98,30.17,55,(39),23,168,A2,A2,A2,47,向後龍一,A1,28.57,39.68,28.57,40.37,51,(26),12,156,A1,A1,A2,60,関　浩哉,A1,25.23,51.72,40.94,53.03,50,https://race.kyotei.club/info/info-20210206-04-10.html,,,,(24),45,164,B1,B1,B2,67,片岡大地,B1,37.19,6.67,41.60,17.39,52,(37),16,163,B1,B1,A2,11,村田　敦,B1,28.23,31.82,37.60,24.53,59,(31),58,168,B1,B2,B2,37,宮内直哉,B1,25.25,34.55,41.27,20.00,53
(55),17,167,B1,B1,B1,14,池田雷太,B1,41.09,22.08,40.00,21.25,54,(37),60,168,A2,A2,A1,54,濱崎直矢,A1,33.82,56.06,37.10,42.98,55,(34),72,169,A2,A1,A2,18,坂元浩仁,A1,47.24,50.00,30.08,48.39,55,https://race.kyotei.club/info/info-20210206-04-11.html,,,,(45),76,172,B1,B1,B1,36,山崎聖司,B1,23.64,29.51,40.32,28.57,52,(33),59,166,B1,B1,B1,25,相原利章,B1,33.04,16.67,37.60,26.87,52,(34),14,171,B1,B1,A2,24,岩永雅人,A1,44.44,38.10,39.84,39.19,52
(38),47,161,B1,B1,B1,24,小倉康典,B1,38.55,29.41,37.16,24.00,53,(42),50,170,B1,B1,B1,35,樋口範政,B1,29.70,18.00,37.09,20.00,56,(23),31,154,B1,B2,B2,14,金子千穂,B1,27.78,0.00,40.94,3.33,44,https://race.kyotei.club/info/info-20210206-07-2.html,,,,(19),56,159,B1,B2,B2,40,山本稔太,B1,27.81,0.00,30.51,16.18,53,(47),15,165,B1,B1,B1,72,阿波勝哉,B1,30.71,29.41,35.39,10.17,56,(47),73,167,B1,B1,B1,25,松本浩貴,B1,29.93,19.23,34.62,20.83,51
(34),71,164,B1,B1,B1,40,森作雄大,B1,37.86,44.74,33.06,24.53,52,(50),67,157,A1,A1,A1,12,橋本久和,A1,38.33,54.17,32.23,42.37,52,(38),21,172,B1,B1,B1,75,多田有佑,B1,38.28,27.40,25.60,25.00,56,https://race.kyotei.club/info/info-20210206-04-9.html,,,,(35),80,169,B1,B1,B1,49,西舘　健,B1,31.37,28.85,36.22,23.64,55,(33),61,168,B1,B1,B1,10,山口　亮,B1,31.50,14.12,37.21,20.88,55,(43),79,165,A2,B1,B1,55,松浦博人,B1,38.02,22.99,28.91,34.29,57
(42),24,162,A1,A1,A2,53,飯山　泰,A1,40.00,48.57,30.23,45.60,53,(26),29,154,B1,B1,B1,75,大豆生蒼,B1,46.56,23.08,29.03,34.88,48,(50),13,165,B1,B1,B1,47,玄馬　徹,B1,33.68,0.00,46.43,29.09,51,https://race.kyotei.club/info/info-20210206-07-5.html,,,,(31),40,164,B1,A2,A2,52,吉村　誠,A2,39.88,52.94,32.39,40.21,51,(42),64,163,B1,B1,B1,15,後藤正宗,A2,34.59,35.29,30.94,33.33,52,(52),65,166,B1,B1,B1,16,清水紀克,B1,20.31,37.74,38.51,21.79,54
(21),48,154,B1,B1,B1,39,柴田百恵,B1,45.86,0.00,36.90,15.69,45,(52),65,166,B1,B1,B1,16,清水紀克,B1,20.31,37.74,38.51,21.79,54,(44),72,161,B1,A2,B1,26,亀山高雅,B1,35.00,26.83,51.75,8.89,54,https://race.kyotei.club/info/info-20210206-07-1.html,,,,(35),36,165,B1,A2,B1,71,大井清貴,B1,41.85,0.00,36.00,27.27,54,(52),66,163,B1,B1,B1,13,岩谷　真,B1,30.14,27.03,40.14,15.87,50,(53),77,164,B1,B1,B1,27,武田正紀,B1,35.12,9.09,40.27,25.00,54
(52),27,161,B1,B2,A2,51,滝沢芳行,A2,32.18,52.94,38.51,44.87,52,(45),63,168,B1,B1,B1,19,須藤隆雄,B1,21.80,50.00,39.08,22.06,53,(52),28,160,A2,A2,A2,67,後藤　浩,A2,25.49,39.22,42.20,40.86,51,https://race.kyotei.club/info/info-20210206-07-3.html,,,,(47),60,165,B1,B1,B1,28,鈴木　猛,A2,28.08,18.75,31.20,37.50,52,(42),58,155,B2,B2,B2,63,永井聖美,B1,28.13,60.00,40.67,36.73,49,(41),11,156,A1,A2,A2,20,西川新太,A2,31.95,45.45,39.22,33.33,53
(19),56,159,B1,B2,B2,40,山本稔太,B1,27.81,0.00,30.51,16.18,53,(47),35,173,A2,B1,B1,66,本橋克洋,A2,32.00,47.37,33.53,46.96,55,(47),33,170,A1,A2,A2,31,山谷　央,A1,32.88,41.18,30.06,43.88,52,https://race.kyotei.club/info/info-20210206-07-9.html,,,,(44),72,161,B1,A2,B1,26,亀山高雅,B1,35.00,26.83,51.75,8.89,54,(47),60,165,B1,B1,B1,28,鈴木　猛,A2,28.08,18.75,31.20,37.50,52,(42),24,162,A1,A1,A2,53,飯山　泰,A1,40.00,48.57,30.23,45.60,53
(35),36,165,B1,A2,B1,71,大井清貴,B1,41.85,0.00,36.00,27.27,54,(52),28,160,A2,A2,A2,67,後藤　浩,A2,25.49,39.22,42.20,40.86,51,(50),59,167,A1,A1,A1,62,服部幸男,B1,38.82,40.00,43.13,43.97,55,https://race.kyotei.club/info/info-20210206-07-8.html,,,,(38),47,161,B1,B1,B1,24,小倉康典,B1,38.55,29.41,37.16,24.00,53,(36),68,165,A2,A2,A2,65,藤田靖弘,A2,37.42,35.00,33.15,42.06,51,(42),41,170,A2,A1,A1,33,古川誠之,A2,32.78,36.71,29.41,38.52,55
(41),12,169,A2,A1,A1,56,前野竜一,A2,37.34,42.31,35.76,46.79,60,(52),27,161,B1,B2,A2,51,滝沢芳行,A2,32.18,52.94,38.51,44.87,52,(45),51,167,A1,A2,A2,50,石田章央,A2,33.33,37.93,34.24,40.52,55,https://race.kyotei.club/info/info-20210206-07-7.html,,,,(49),62,159,B1,B1,B1,22,大塚浩二,B1,42.53,16.67,32.42,23.61,52,(31),34,164,B1,B2,B1,41,黒澤めぐ,B1,35.80,0.00,30.64,28.21,50,(40),37,169,B1,B1,B1,68,小澤和也,B1,39.18,6.25,46.26,23.30,56
(45),26,163,B1,B1,B1,18,菅沼佳昭,B1,30.63,40.00,35.47,26.73,53,(41),46,159,A2,A2,A1,43,荻野裕介,A2,44.03,25.00,28.17,35.79,53,(32),57,153,A1,A1,A1,29,守屋美穂,A1,40.48,43.59,31.52,43.00,45,https://race.kyotei.club/info/info-20210206-07-6.html,,,,(42),30,171,A2,B1,B1,69,別府正幸,A2,31.10,23.53,32.03,34.78,53,(27),70,161,B1,B1,B1,73,中村かな,B1,42.42,6.25,38.13,25.00,45,(52),66,163,B1,B1,B1,13,岩谷　真,B1,30.14,27.03,40.14,15.87,50
(61),32,166,B1,B1,B1,74,増田弘喜,B1,34.64,33.33,45.16,20.45,55,(24),39,162,B1,B1,B1,64,森下愛梨,B1,29.19,5.56,38.81,16.95,50,(34),25,169,B1,B1,B1,59,山田佑樹,B1,27.66,30.00,33.87,41.89,57,https://race.kyotei.club/info/info-20210206-07-4.html,,,,(42),41,170,A2,A1,A1,33,古川誠之,A2,32.78,36.71,29.41,38.52,55,(31),54,169,A1,A2,A2,49,長谷川雅,A1,23.58,36.36,48.41,36.97,54,(47),35,173,A2,B1,B1,66,本橋克洋,A2,32.00,47.37,33.53,46.96,55
(31),40,164,B1,A2,A2,52,吉村　誠,A2,39.88,52.94,32.39,40.21,51,(36),68,165,A2,A2,A2,65,藤田靖弘,A2,37.42,35.00,33.15,42.06,51,(47),73,167,B1,B1,B1,25,松本浩貴,B1,29.93,19.23,34.62,20.83,51,https://race.kyotei.club/info/info-20210206-07-11.html,,,,(41),12,169,A2,A1,A1,56,前野竜一,A2,37.34,42.31,35.76,46.79,60,(45),63,168,B1,B1,B1,19,須藤隆雄,B1,21.80,50.00,39.08,22.06,53,(34),25,169,B1,B1,B1,59,山田佑樹,B1,27.66,30.00,33.87,41.89,57
(36),59,157,A2,B1,A2,23,西村美智,A2,28.35,37.50,39.47,44.23,49,(30),13,158,B1,B1,B1,39,渡邉真奈,B1,39.19,16.67,33.33,31.88,47,(36),56,151,A1,A2,A2,35,落合直子,B1,41.61,43.75,36.36,36.00,48,https://race.kyotei.club/info/info-20210206-08-2.html,,,,(32),44,162,A2,B1,A1,47,浜田亜理,A2,29.03,26.67,57.45,37.78,46,(28),53,155,B2,B2,B2,19,中村桃佳,A2,43.24,50.00,32.35,48.45,45,(28),70,154,B2,B1,B1,28,末武里奈,B2,26.15,0.00,29.27,3.85,48
(30),13,158,B1,B1,B1,39,渡邉真奈,B1,39.19,16.67,33.33,31.88,47,(23),43,159,B1,B2,B2,6,数原　魁,B1,33.86,0.00,34.78,5.00,51,(33),32,160,A2,A2,A1,42,原田佑実,A2,25.41,48.15,38.30,37.27,46,https://race.kyotei.club/info/info-20210206-08-6.html,,,,(24),73,170,B1,B1,B1,52,上田健太,B1,35.22,15.91,39.02,24.04,51,(54),11,153,A2,A1,A1,25,山川美由,A1,29.84,45.83,35.19,40.20,46,(25),49,161,A1,A2,A2,18,中村泰平,A2,37.27,35.94,44.44,38.10,52
(20),41,167,B1,B1,B1,51,前田　滉,A2,30.95,20.73,50.00,43.82,50,(36),56,151,A1,A2,A2,35,落合直子,B1,41.61,43.75,36.36,36.00,48,(21),61,163,B2,B2,B2,8,小林孝彰,B1,27.69,0.00,41.46,1.47,53,https://race.kyotei.club/info/info-20210206-08-7.html,,,,(28),45,158,A2,B1,B1,2,出口舞有,A2,24.82,35.71,34.21,41.58,46,(23),57,167,B2,B2,B2,3,滝沢　崚,B1,22.40,11.11,28.95,3.85,50,(41),15,156,A2,B1,A2,40,金田幸子,A1,43.51,26.92,29.79,50.50,44
(51),12,157,A1,A1,A1,9,寺田千恵,A1,40.49,42.50,34.29,43.30,45,(22),18,175,B1,B1,B1,58,畑田汰一,A2,30.71,12.50,35.90,40.00,55,(28),70,154,B2,B1,B1,28,末武里奈,B2,26.15,0.00,29.27,3.85,48,https://race.kyotei.club/info/info-20210206-08-8.html,,,,(23),69,175,B1,B2,B2,21,大塚雅治,B1,27.91,12.50,37.74,10.14,51,(24),50,155,B1,B1,B1,24,實森美祐,B1,38.67,38.46,32.61,6.67,47,(25),46,166,B1,B1,B1,1,佐藤　悠,A2,38.97,12.50,26.19,32.94,56
(42),50,170,B1,B1,B1,35,樋口範政,B1,29.70,18.00,37.09,20.00,56,(31),54,169,A1,A2,A2,49,長谷川雅,A1,23.58,36.36,48.41,36.97,54,(41),46,159,A2,A2,A1,43,荻野裕介,A2,44.03,25.00,28.17,35.79,53,https://race.kyotei.club/info/info-20210206-07-10.html,,,,(41),11,156,A1,A2,A2,20,西川新太,A2,31.95,45.45,39.22,33.33,53,(32),57,153,A1,A1,A1,29,守屋美穂,A1,40.48,43.59,31.52,43.00,45,(45),51,167,A1,A2,A2,50,石田章央,A2,33.33,37.93,34.24,40.52,55
(24),26,157,B1,B2,B1,44,清水さく,B1,41.06,29.73,25.00,25.81,47,(26),71,176,B1,B1,B1,14,鈴谷一平,A2,29.23,14.29,34.04,34.57,56,(27),37,150,B1,B1,A2,5,関野　文,B1,29.58,28.57,26.67,28.00,45,https://race.kyotei.club/info/info-20210206-08-5.html,,,,(28),62,170,B1,B2,B2,45,宮村勇哉,B1,26.02,4.35,30.56,17.19,55,(32),34,157,A2,A2,A2,31,水野望美,A2,37.42,44.59,40.54,33.62,46,(23),48,161,A1,A1,A2,53,宮之原輝,A1,23.81,41.67,37.21,47.57,50
(41),28,158,A1,A2,A1,57,堀之内紀,A2,33.33,47.37,36.59,46.34,46,(25),40,166,A2,A2,A2,16,栗城　匠,A1,40.38,46.51,27.66,48.08,53,(23),33,160,B2,B2,B2,15,田中博子,B2,33.09,0.00,22.22,12.24,50,https://race.kyotei.club/info/info-20210206-08-9.html,,,,(22),29,165,A2,B1,B1,41,中村魁生,A2,30.16,32.56,46.51,37.86,51,(36),59,157,A2,B1,A2,23,西村美智,A2,28.35,37.50,39.47,44.23,49,(22),54,167,B1,B2,B2,59,一色凌雅,B1,35.40,13.33,22.73,17.57,58
(25),40,166,A2,A2,A2,16,栗城　匠,A1,40.38,46.51,27.66,48.08,53,(27),16,165,A1,A2,B1,10,吉川貴仁,A2,36.77,46.67,34.04,40.85,51,(25),46,166,B1,B1,B1,1,佐藤　悠,A2,38.97,12.50,26.19,32.94,56,https://race.kyotei.club/info/info-20210206-08-3.html,,,,(26),75,170,B1,B1,B1,37,尾上雅也,B1,28.46,10.00,41.86,27.63,52,(21),61,163,B2,B2,B2,8,小林孝彰,B1,27.69,0.00,41.46,1.47,53,(24),47,173,B1,B2,B1,32,石田貴洋,B1,34.59,8.82,27.78,19.15,52
(23),57,167,B2,B2,B2,3,滝沢　崚,B1,22.40,11.11,28.95,3.85,50,(22),54,167,B1,B2,B2,59,一色凌雅,B1,35.40,13.33,22.73,17.57,58,(22),29,165,A2,B1,B1,41,中村魁生,A2,30.16,32.56,46.51,37.86,51,https://race.kyotei.club/info/info-20210206-08-1.html,,,,(25),49,161,A1,A2,A2,18,中村泰平,A2,37.27,35.94,44.44,38.10,52,(23),69,175,B1,B2,B2,21,大塚雅治,B1,27.91,12.50,37.74,10.14,51,(26),30,164,B1,B1,B1,48,山崎鉄平,A2,27.56,15.38,31.91,34.07,53
(32),44,162,A2,B1,A1,47,浜田亜理,A2,29.03,26.67,57.45,37.78,46,(23),48,161,A1,A1,A2,53,宮之原輝,A1,23.81,41.67,37.21,47.57,50,(41),23,152,A2,A2,A1,20,向井美鈴,A2,41.94,35.14,32.35,38.89,46,https://race.kyotei.club/info/info-20210206-08-11.html,,,,(26),20,163,B1,B2,B2,12,松山裕基,B1,35.26,7.14,41.30,8.97,54,(25),68,154,B1,B1,B1,46,勝浦真帆,B1,46.10,17.65,27.78,28.46,48,(27),16,165,A1,A2,B1,10,吉川貴仁,A2,36.77,46.67,34.04,40.85,51
(31),46,162,B2,A2,A2,62,中嶋健一,A1,32.91,48.46,26.21,53.40,54,(32),34,169,A1,A1,A1,17,松尾　拓,A1,30.49,48.24,46.23,46.43,50,(24),57,160,A2,B1,A2,58,黒野元基,A1,32.29,47.73,26.32,49.26,52,https://race.kyotei.club/info/info-20210206-09-1.html,,,,(33),64,163,A2,A1,A1,14,河合佑樹,A1,39.18,58.00,34.91,56.03,51,(24),62,173,A2,A2,A2,55,前田篤哉,A1,30.21,26.32,29.29,53.33,51,(33),44,166,A1,A1,A1,27,本多宏和,A1,35.37,51.85,23.96,58.91,51
(41),64,162,A2,A2,A2,43,佐々木裕,A2,24.81,56.41,25.71,36.45,47,(23),33,160,B2,B2,B2,15,田中博子,B2,33.09,0.00,22.22,12.24,50,(29),74,152,B1,B1,B1,22,新田有理,B1,39.31,17.39,34.29,43.75,44,https://race.kyotei.club/info/info-20210206-08-4.html,,,,(41),23,152,A2,A2,A1,20,向井美鈴,A2,41.94,35.14,32.35,38.89,46,(41),28,158,A1,A2,A1,57,堀之内紀,A2,33.33,47.37,36.59,46.34,46,(51),12,157,A1,A1,A1,9,寺田千恵,A1,40.49,42.50,34.29,43.30,45
(39),16,157,A1,A2,A2,24,細川裕子,A1,29.21,58.33,38.00,50.86,46,(39),66,168,A1,A2,A2,61,宇佐見淳,A1,42.71,44.44,33.68,54.61,53,(42),25,166,A1,A1,A1,56,菊地孝平,A1,31.65,41.18,32.63,48.65,55,https://race.kyotei.club/info/info-20210206-09-4.html,,,,(37),28,167,A1,A1,A1,49,河村　了,A1,40.91,47.46,29.70,51.97,51,(41),15,168,A1,A1,A1,29,杉山正樹,A1,29.17,61.29,29.27,46.62,56,(32),73,169,A1,A2,A2,72,松尾　充,A1,28.87,45.93,36.36,44.53,51
(33),44,166,A1,A1,A1,27,本多宏和,A1,35.37,51.85,23.96,58.91,51,(45),65,162,A1,A1,A1,22,佐藤大介,A1,33.70,50.00,36.27,50.44,53,(28),35,160,A2,A2,A1,28,塩崎桐加,A1,31.46,53.85,32.67,45.83,48,https://race.kyotei.club/info/info-20210206-09-5.html,,,,(36),38,167,A1,A1,A1,59,谷野錬志,A1,43.48,35.90,30.11,48.76,54,(46),45,166,A1,A1,A1,73,徳増秀樹,A1,33.33,69.44,37.08,38.68,53,(46),37,158,A1,A2,A2,63,伊藤誠二,A1,30.10,37.14,32.95,36.22,53
(24),47,173,B1,B2,B1,32,石田貴洋,B1,34.59,8.82,27.78,19.15,52,(29),65,156,A2,B2,B2,56,松尾夏海,A2,38.36,47.62,42.50,44.59,47,(25),36,172,B1,B1,B1,55,安河内健,A2,32.50,0.00,31.58,40.20,52,https://race.kyotei.club/info/info-20210206-08-10.html,,,,(28),53,155,B2,B2,B2,19,中村桃佳,A2,43.24,50.00,32.35,48.45,45,(23),35,166,B1,B2,B2,30,藤原孝斗,B1,33.87,2.90,41.67,13.16,57,(41),64,162,A2,A2,A2,43,佐々木裕,A2,24.81,56.41,25.71,36.45,47
(36),32,167,A1,A2,A1,70,岡　祐臣,A1,27.66,47.24,32.04,48.08,54,(40),53,171,A1,A1,A2,39,原　豊土,A1,34.74,50.00,30.61,48.04,52,(41),15,168,A1,A1,A1,29,杉山正樹,A1,29.17,61.29,29.27,46.62,56,https://race.kyotei.club/info/info-20210206-09-8.html,,,,(38),27,167,A2,A1,A1,26,松下一也,A1,37.23,50.00,28.57,46.15,52,(24),57,160,A2,B1,A2,58,黒野元基,A1,32.29,47.73,26.32,49.26,52,(42),23,170,A1,A1,A1,25,池田浩二,A1,32.91,54.05,33.64,56.64,52
(47),71,168,A1,A1,A1,20,佐々木康,A1,32.00,47.73,43.01,51.64,55,(34),30,158,A1,A2,A2,47,南　佑典,A1,32.99,43.95,58.06,41.90,51,(42),51,164,A1,A1,A1,13,山崎哲司,A1,43.96,48.78,25.74,53.68,53,https://race.kyotei.club/info/info-20210206-09-2.html,,,,(35),50,167,A2,A1,A1,48,杉山裕也,A1,29.35,34.69,29.21,48.46,52,(38),27,167,A2,A1,A1,26,松下一也,A1,37.23,50.00,28.57,46.15,52,(32),20,164,A1,A1,A1,71,岩瀬裕亮,A1,32.56,58.14,38.46,54.14,53
(40),31,162,A1,A1,A1,36,永井　源,A1,43.96,56.76,35.48,47.55,52,(37),24,169,A1,A2,A2,66,鈴木勝博,A1,37.33,33.33,27.78,52.99,53,(51),67,166,A1,A2,A1,41,間嶋仁志,A1,47.67,61.73,41.11,37.39,54,https://race.kyotei.club/info/info-20210206-09-3.html,,,,(24),72,167,A2,A1,A1,46,吉田裕平,A1,40.23,46.51,46.67,44.16,51,(42),23,170,A1,A1,A1,25,池田浩二,A1,32.91,54.05,33.64,56.64,52,(35),13,154,A1,A1,A2,37,星　栄爾,A1,37.18,25.00,27.59,46.83,53
(28),35,160,A2,A2,A1,28,塩崎桐加,A1,31.46,53.85,32.67,45.83,48,(39),16,157,A1,A2,A2,24,細川裕子,A1,29.21,58.33,38.00,50.86,46,(41),76,154,A1,A1,A2,19,大瀧明日,A1,30.69,37.93,45.24,47.00,46,https://race.kyotei.club/info/info-20210206-09-11.html,,,,(26),47,157,A2,A1,A2,31,高田ひか,A1,30.00,59.02,36.14,45.24,48,(44),19,162,A2,B1,B1,35,池田浩美,A1,41.33,40.00,40.82,44.55,48,(39),52,165,A2,A1,A1,43,長嶋万記,A1,45.98,65.00,45.63,44.23,49
(37),28,167,A1,A1,A1,49,河村　了,A1,40.91,47.46,29.70,51.97,51,(32),20,164,A1,A1,A1,71,岩瀬裕亮,A1,32.56,58.14,38.46,54.14,53,(46),45,166,A1,A1,A1,73,徳増秀樹,A1,33.33,69.44,37.08,38.68,53,https://race.kyotei.club/info/info-20210206-09-10.html,,,,(40),61,166,A2,A1,A2,50,荒川健太,A1,34.65,49.40,34.74,46.30,56,(24),72,167,A2,A1,A1,46,吉田裕平,A1,40.23,46.51,46.67,44.16,51,(48),22,164,A1,A1,A1,45,仲口博崇,A1,29.76,33.33,41.86,56.62,52
(42),51,164,A1,A1,A1,13,山崎哲司,A1,43.96,48.78,25.74,53.68,53,(51),17,168,A2,A1,A1,54,渡邉英児,A1,42.67,40.58,30.21,46.34,52,(48),22,164,A1,A1,A1,45,仲口博崇,A1,29.76,33.33,41.86,56.62,52,https://race.kyotei.club/info/info-20210206-09-6.html,,,,(32),34,169,A1,A1,A1,17,松尾　拓,A1,30.49,48.24,46.23,46.43,50,(41),76,154,A1,A1,A2,19,大瀧明日,A1,30.69,37.93,45.24,47.00,46,(26),48,160,A1,A2,B1,67,野中一平,A1,32.61,35.29,31.82,55.56,54
(33),64,163,A2,A1,A1,14,河合佑樹,A1,39.18,58.00,34.91,56.03,51,(42),39,170,A1,A2,B1,38,伊藤将吉,A1,36.63,42.55,47.37,38.46,53,(34),30,158,A1,A2,A2,47,南　佑典,A1,32.99,43.95,58.06,41.90,51,https://race.kyotei.club/info/info-20210206-09-7.html,,,,(60),56,168,A1,A1,A1,44,西山昇一,A1,31.52,41.30,32.46,44.64,53,(46),29,160,A1,A1,A1,15,天野晶夫,A1,27.06,46.30,37.62,42.40,54,(40),31,162,A1,A1,A1,36,永井　源,A1,43.96,56.76,35.48,47.55,52
(30),80,164,A2,A2,B1,79,木田峰由,A2,30.77,31.82,35.98,41.51,53,(31),20,165,B1,B1,B1,15,坂口貴彦,B1,39.34,20.00,35.11,29.82,55,(28),71,153,B1,B1,B1,55,中田夕貴,B1,38.80,6.25,37.77,20.99,47,https://race.kyotei.club/info/info-20210206-12-2.html,,,,(40),11,161,A1,A2,A2,56,寺本重宣,A2,38.64,40.00,32.64,43.14,50,(22),86,166,B2,B2,B2,19,柳瀬幹太,B1,37.36,0.00,40.41,6.38,55,(39),13,165,A2,B1,B1,36,前川守嗣,A2,35.26,29.09,24.86,35.04,55
(37),24,169,A1,A2,A2,66,鈴木勝博,A1,37.33,33.33,27.78,52.99,53,(52),58,164,A2,A1,A2,69,新美恵一,A1,36.67,44.00,35.78,40.00,52,(24),14,167,A1,A2,A1,64,豊田健士,A1,36.36,45.18,27.27,51.35,53,https://race.kyotei.club/info/info-20210206-09-9.html,,,,(42),25,166,A1,A1,A1,56,菊地孝平,A1,31.65,41.18,32.63,48.65,55,(36),38,167,A1,A1,A1,59,谷野錬志,A1,43.48,35.90,30.11,48.76,54,(35),50,167,A2,A1,A1,48,杉山裕也,A1,29.35,34.69,29.21,48.46,52
(39),19,162,B1,B1,B1,53,岩永節也,B1,46.74,12.50,42.93,15.96,53,(51),68,162,B1,B1,B1,76,井上恵一,B1,28.49,11.11,29.84,36.27,52,(40),75,172,A2,A1,A1,52,谷津幸宏,A2,38.67,47.50,35.26,38.68,53,https://race.kyotei.club/info/info-20210206-12-1.html,,,,(47),27,168,B1,B1,B1,31,岩井　繁,B1,33.70,20.69,40.00,25.81,60,(36),72,170,B1,A2,A2,83,吉島祥之,B1,29.05,0.00,56.99,26.67,55,(43),53,165,A2,A2,A2,18,松江秀徳,A2,30.39,41.38,27.98,34.55,53
(43),53,165,A2,A2,A2,18,松江秀徳,A2,30.39,41.38,27.98,34.55,53,(35),83,165,B1,B1,B1,65,山口隆史,B1,24.84,22.22,27.08,38.38,53,(34),10,172,B1,B1,B1,62,篠田優也,B1,29.12,0.00,33.51,23.53,54,https://race.kyotei.club/info/info-20210206-12-8.html,,,,(39),13,165,A2,B1,B1,36,前川守嗣,A2,35.26,29.09,24.86,35.04,55,(30),21,168,B1,B1,B1,75,吉田翔悟,B1,31.84,22.22,29.35,35.05,52,(48),26,164,A1,A1,A1,54,前本泰和,A1,31.64,36.00,36.46,47.00,51
(36),72,170,B1,A2,A2,83,吉島祥之,B1,29.05,0.00,56.99,26.67,55,(48),77,165,A2,A2,A2,14,白井友晴,A2,29.41,43.75,41.08,33.33,52,(40),11,161,A1,A2,A2,56,寺本重宣,A2,38.64,40.00,32.64,43.14,50,https://race.kyotei.club/info/info-20210206-12-9.html,,,,(31),38,171,A2,B1,A2,12,河野真也,A2,35.75,72.22,33.33,38.40,52,(34),29,170,B1,B1,B1,64,夏山亮平,B1,31.15,38.00,31.91,31.48,57,(42),22,169,B1,B1,B1,58,熊本英一,B1,33.70,16.67,37.63,18.92,58
(29),65,170,A1,A1,A1,38,竹井貴史,A2,27.87,54.55,27.81,51.72,53,(47),27,168,B1,B1,B1,31,岩井　繁,B1,33.70,20.69,40.00,25.81,60,(38),50,164,B1,B1,B1,73,村田浩司,B1,30.72,21.21,31.89,21.93,54,https://race.kyotei.club/info/info-20210206-12-6.html,,,,(53),16,142,A2,A2,A2,77,谷川里江,A2,32.07,21.05,27.32,36.80,47,(37),73,168,A1,A1,A1,33,金子拓矢,A1,39.25,40.00,28.35,50.00,52,(46),36,166,B1,B1,B1,69,細川明人,A2,27.17,11.11,26.23,31.17,55
(28),59,161,A2,A1,A2,74,渡邉優美,A2,33.33,27.27,29.32,41.13,47,(71),82,164,B1,B1,B1,37,高橋二朗,B1,20.96,0.00,38.83,21.69,52,(54),60,163,A2,A2,A2,72,小畑実成,A2,34.04,10.00,36.65,27.62,53,https://race.kyotei.club/info/info-20210206-12-3.html,,,,(35),83,165,B1,B1,B1,65,山口隆史,B1,24.84,22.22,27.08,38.38,53,(24),55,163,B1,B1,B1,81,河野主樹,B1,29.41,6.17,40.00,22.00,52,(35),17,172,A1,A1,A2,30,高田　明,A1,43.78,90.00,29.26,35.19,50
(52),23,162,A1,A2,A2,57,中里英夫,B1,42.54,0.00,30.27,36.92,51,(40),79,164,A1,A1,A1,78,中村　尊,A2,35.48,33.33,42.86,48.48,52,(30),80,164,A2,A2,B1,79,木田峰由,A2,30.77,31.82,35.98,41.51,53,https://race.kyotei.club/info/info-20210206-12-11.html,,,,(53),64,164,A1,A2,A1,66,矢後　剛,A2,27.42,32.65,26.63,34.38,55,(34),52,164,A2,A2,A2,80,服部達哉,A2,29.19,50.00,42.70,34.65,56,(29),65,170,A1,A1,A1,38,竹井貴史,A2,27.87,54.55,27.81,51.72,53
(46),35,164,A2,A1,A1,63,藤生雄人,A2,44.39,35.42,38.74,34.91,54,(42),22,169,B1,B1,B1,58,熊本英一,B1,33.70,16.67,37.63,18.92,58,(40),79,164,A1,A1,A1,78,中村　尊,A2,35.48,33.33,42.86,48.48,52,https://race.kyotei.club/info/info-20210206-12-4.html,,,,(49),62,165,B1,B1,B1,39,竹腰正樹,B1,30.65,7.14,36.22,32.67,52,(34),10,172,B1,B1,B1,62,篠田優也,B1,29.12,0.00,33.51,23.53,54,(37),37,170,A1,A1,A1,23,松村　敏,B1,28.74,55.56,24.04,52.08,54
(34),52,164,A2,A2,A2,80,服部達哉,A2,29.19,50.00,42.70,34.65,56,(32),14,165,B1,B1,B1,21,中澤宏奈,B1,33.33,47.37,35.14,23.96,47,(41),15,155,B1,B1,B1,67,榮田将彦,B1,30.27,28.57,34.04,24.56,49,https://race.kyotei.club/info/info-20210206-12-5.html,,,,(32),57,163,B1,B1,B1,50,大谷健太,B1,36.90,28.57,34.64,38.30,52,(31),38,171,A2,B1,A2,12,河野真也,A2,35.75,72.22,33.33,38.40,52,(48),54,168,A2,A1,A1,71,馬袋義則,A2,30.17,50.00,34.21,45.45,54
(44),63,166,B1,B1,B1,60,廣中良一,B1,25.27,33.33,32.98,17.24,52,(47),69,165,A2,B1,B1,13,新田智彰,A2,33.71,37.93,27.12,49.61,56,(31),20,165,B1,B1,B1,15,坂口貴彦,B1,39.34,20.00,35.11,29.82,55,https://race.kyotei.club/info/info-20210206-12-7.html,,,,(46),78,164,B1,B1,B1,35,梶原　正,B1,29.71,12.50,37.10,19.35,56,(40),75,172,A2,A1,A1,52,谷津幸宏,A2,38.67,47.50,35.26,38.68,53,(48),18,157,B1,A2,B1,28,水口由紀,B1,34.21,50.00,38.42,27.63,48
(25),65,160,B1,B1,B1,25,福田慶尚,B2,38.02,0.00,20.93,8.89,51,(29),21,174,B2,B1,B2,46,原村拓也,B1,30.89,22.47,20.00,35.44,52,(35),33,166,B1,B1,A2,2,岸蔭　亮,B1,36.89,44.44,33.90,35.21,51,https://race.kyotei.club/info/info-20210206-15-1.html,,,,(48),50,168,A2,A2,A2,11,佐口達也,B1,25.00,29.03,33.33,31.37,53,(37),13,169,B1,B1,B1,63,野相弘司,B1,33.33,31.25,30.23,28.57,59,(49),30,162,B1,B2,B1,1,大内裕樹,B1,27.87,17.24,22.00,17.28,54
(60),52,157,B1,B1,B1,58,沖　悟　,B1,35.90,27.27,35.09,16.48,52,(34),6,167,A2,B1,B1,6,三宅健太,A2,28.35,29.03,29.03,31.18,53,(29),66,173,A2,B1,B1,34,山ノ内雅,A2,31.09,31.43,25.93,46.32,55,https://race.kyotei.club/info/info-20210206-15-6.html,,,,(56),19,160,A2,B1,A2,30,長谷川巌,B1,38.10,21.21,29.79,23.28,50,(44),32,161,B1,B1,B1,17,崎　利仁,B1,32.20,25.00,23.68,21.15,53,(43),62,169,B1,B1,A2,22,岩津徹郎,A2,26.50,27.59,24.44,25.24,54
(39),5,163,B1,B1,B1,35,中島真二,B1,25.40,25.00,33.90,31.51,51,(48),49,165,B1,B1,B1,28,中村　格,B1,33.06,17.65,23.81,17.71,58,(23),61,163,B1,B1,B2,62,谷口知優,B1,44.44,3.33,40.00,10.59,53,https://race.kyotei.club/info/info-20210206-15-2.html,,,,(45),36,164,B1,B1,B1,53,大田　誠,B1,38.66,10.26,32.56,17.57,52,(48),1,166,B1,B1,B1,39,渡　修平,B1,26.72,18.92,27.91,16.07,52,(44),32,161,B1,B1,B1,17,崎　利仁,B1,32.20,25.00,23.68,21.15,53
(28),71,153,B1,B1,B1,55,中田夕貴,B1,38.80,6.25,37.77,20.99,47,(28),59,161,A2,A1,A2,74,渡邉優美,A2,33.33,27.27,29.32,41.13,47,(24),31,156,B1,B2,B2,32,上田紗奈,B1,38.04,9.43,34.72,11.43,46,https://race.kyotei.club/info/info-20210206-12-10.html,,,,(32),14,165,B1,B1,B1,21,中澤宏奈,B1,33.33,47.37,35.14,23.96,47,(31),70,155,B2,B2,B2,20,後藤美翼,B1,25.88,26.32,43.23,19.05,47,(53),16,142,A2,A2,A2,77,谷川里江,A2,32.07,21.05,27.32,36.80,47
(35),33,166,B1,B1,A2,2,岸蔭　亮,B1,36.89,44.44,33.90,35.21,51,(32),3,167,B1,B1,B1,23,石岡将太,B1,29.17,55.56,22.22,31.13,57,(21),27,169,B2,B2,B2,45,三村岳人,B1,21.77,0.00,31.58,10.71,51,https://race.kyotei.club/info/info-20210206-15-7.html,,,,(51),2,161,B1,B1,A2,36,木山和幸,A2,43.09,30.19,40.00,39.22,50,(40),23,163,A1,A2,A1,47,長野壮志,A2,35.48,36.00,26.00,37.72,57,(34),34,159,A2,A2,A2,8,藤田浩人,A2,28.57,24.07,55.00,41.35,52
(40),24,165,B1,A2,B1,66,木村浩士,A2,38.89,40.00,17.07,37.37,54,(29),35,171,B1,B2,B1,5,桐村翔太,B2,47.66,0.00,26.79,16.00,49,(34),18,166,B1,A2,A2,21,永嶋裕一,B1,32.48,37.50,16.28,32.67,56,https://race.kyotei.club/info/info-20210206-15-3.html,,,,(37),46,170,B1,A2,A2,31,三好勇人,B1,32.00,33.33,33.33,31.58,55,(36),9,172,A2,A2,A2,16,高山智至,A2,32.73,37.93,30.43,28.09,56,(35),4,169,B1,B1,B1,40,盛本真輔,A2,37.90,26.67,27.08,32.43,51
(25),51,163,A2,B1,A2,61,木谷賢太,A2,39.84,33.75,29.55,40.71,53,(31),11,158,B1,B1,B1,18,杉山勝匡,B1,35.48,22.73,24.32,22.62,51,(22),10,166,A2,B1,B1,56,高橋竜矢,A2,37.80,39.29,32.61,46.88,53,https://race.kyotei.club/info/info-20210206-15-4.html,,,,(30),22,160,B1,B1,B1,59,赤池修平,B1,27.38,11.11,18.60,25.00,53,(35),53,164,A2,A2,B1,65,山口修路,A2,28.46,26.32,15.79,32.29,51,(27),31,173,B1,B1,B1,12,飯田庄吾,B1,36.00,20.00,27.12,23.21,58
(36),47,166,A1,A1,A1,41,田中和也,A1,43.90,66.67,29.17,57.94,51,(52),48,165,B2,B2,B2,19,上瀧和則,B2,33.06,62.50,15.00,49.12,52,(37),16,168,B2,B1,B1,38,村田友也,B1,33.87,0.00,28.57,25.45,65,https://race.kyotei.club/info/info-20210206-15-5.html,,,,(27),57,170,B1,B1,B1,52,新田洋一,B1,20.18,13.33,35.71,25.71,54,(37),45,166,A2,A2,A2,26,川島圭司,A2,32.54,18.75,25.00,32.33,53,(47),40,164,A2,A2,A2,48,中村　真,A2,41.67,37.04,33.33,36.75,54
(30),22,160,B1,B1,B1,59,赤池修平,B1,27.38,11.11,18.60,25.00,53,(40),24,165,B1,A2,B1,66,木村浩士,A2,38.89,40.00,17.07,37.37,54,(48),49,165,B1,B1,B1,28,中村　格,B1,33.06,17.65,23.81,17.71,58,https://race.kyotei.club/info/info-20210206-15-9.html,,,,(37),45,166,A2,A2,A2,26,川島圭司,A2,32.54,18.75,25.00,32.33,53,(43),28,159,A1,A2,A1,10,中辻崇人,A1,40.34,56.90,18.37,46.79,52,(25),65,160,B1,B1,B1,25,福田慶尚,B2,38.02,0.00,20.93,8.89,51
(45),36,164,B1,B1,B1,53,大田　誠,B1,38.66,10.26,32.56,17.57,52,(25),51,163,A2,B1,A2,61,木谷賢太,A2,39.84,33.75,29.55,40.71,53,(36),9,172,A2,A2,A2,16,高山智至,A2,32.73,37.93,30.43,28.09,56,https://race.kyotei.club/info/info-20210206-15-10.html,,,,(29),66,173,A2,B1,B1,34,山ノ内雅,A2,31.09,31.43,25.93,46.32,55,(48),50,168,A2,A2,A2,11,佐口達也,B1,25.00,29.03,33.33,31.37,53,(27),57,170,B1,B1,B1,52,新田洋一,B1,20.18,13.33,35.71,25.71,54
(47),40,164,A2,A2,A2,48,中村　真,A2,41.67,37.04,33.33,36.75,54,(22),10,166,A2,B1,B1,56,高橋竜矢,A2,37.80,39.29,32.61,46.88,53,(37),46,170,B1,A2,A2,31,三好勇人,B1,32.00,33.33,33.33,31.58,55,https://race.kyotei.club/info/info-20210206-15-11.html,,,,(34),6,167,A2,B1,B1,6,三宅健太,A2,28.35,29.03,29.03,31.18,53,(34),34,159,A2,A2,A2,8,藤田浩人,A2,28.57,24.07,55.00,41.35,52,(39),5,163,B1,B1,B1,35,中島真二,B1,25.40,25.00,33.90,31.51,51
(50),31,158,B1,B1,B1,45,西村秀樹,B1,40.93,24.14,46.67,13.33,52,(45),11,155,B1,B1,B1,70,木山誠一,B1,33.48,22.22,42.11,23.60,56,(63),24,160,B1,B1,B1,59,田中伸二,B1,30.39,39.13,14.29,23.29,52,https://race.kyotei.club/info/info-20210206-16-2.html,,,,(26),15,167,B1,B1,B2,48,眞鳥康太,B1,42.68,0.00,28.57,15.79,56,(21),45,173,B1,B1,B2,46,末永和也,B1,35.81,0.00,37.50,13.83,53,(36),54,163,A2,B1,B2,68,田路朋史,B1,34.89,30.00,31.58,35.14,52
(37),13,169,B1,B1,B1,63,野相弘司,B1,33.33,31.25,30.23,28.57,59,(58),8,165,A2,B1,A2,37,北川幸典,A2,46.28,30.00,36.84,38.82,57,(39),63,171,B1,B2,B2,4,清水敦揮,A2,31.62,44.83,21.05,49.35,56,https://race.kyotei.club/info/info-20210206-15-8.html,,,,(35),4,169,B1,B1,B1,40,盛本真輔,A2,37.90,26.67,27.08,32.43,51,(23),61,163,B1,B1,B2,62,谷口知優,B1,44.44,3.33,40.00,10.59,53,(44),25,166,B1,B1,B1,3,深山祐二,B1,22.40,16.67,27.78,21.33,53
(39),72,162,B1,B1,B1,41,木場雄二,B1,34.02,28.00,14.29,24.68,57,(36),13,161,A2,A2,A2,29,真庭明志,A1,35.71,31.58,33.33,40.65,52,(45),59,161,B1,B1,B1,23,吉田　光,B1,33.86,30.00,57.14,30.30,50,https://race.kyotei.club/info/info-20210206-16-6.html,,,,(37),62,166,A2,A2,A1,34,松田竜馬,A2,37.30,36.36,46.15,39.36,54,(34),23,164,B1,B1,A2,18,田中孝明,B1,32.44,30.00,46.67,22.68,56,(31),32,167,A2,A2,A2,51,古田祐貴,A2,32.64,38.71,23.08,33.59,51
(44),67,165,B1,B1,B1,14,秋元　誠,B1,32.80,30.77,21.43,25.71,54,(26),15,167,B1,B1,B2,48,眞鳥康太,B1,42.68,0.00,28.57,15.79,56,(44),14,164,A2,A2,A2,72,小野寺智,A2,35.80,46.15,50.00,39.10,52,https://race.kyotei.club/info/info-20210206-16-7.html,,,,(39),39,168,A2,B1,A2,24,安東幸治,B1,31.18,28.57,43.75,23.75,56,(46),49,161,A2,A2,A2,31,清水攻二,A2,31.63,40.00,21.43,31.96,53,(34),20,163,A1,A1,A1,56,古賀繁輝,A1,34.43,60.00,35.71,41.25,56
(43),40,171,B1,B1,B1,47,福田　理,B1,33.33,31.11,53.33,27.37,55,(31),27,169,A1,A1,A1,20,安河内将,A2,36.03,34.78,20.00,40.58,51,(43),30,167,B1,B1,B1,13,胡本悟志,B1,42.73,21.05,53.85,22.78,51,https://race.kyotei.club/info/info-20210206-16-1.html,,,,(46),12,163,B1,B1,B1,11,津留浩一,B1,37.30,32.26,50.00,26.51,55,(21),38,161,B2,B2,B2,67,松本真広,B2,34.45,0.00,35.00,0.00,52,(34),23,164,B1,B1,A2,18,田中孝明,B1,32.44,30.00,46.67,22.68,56
(41),18,164,A1,A1,A1,35,市橋卓士,A1,41.30,57.69,12.50,47.24,54,(44),67,165,B1,B1,B1,14,秋元　誠,B1,32.80,30.77,21.43,25.71,54,(34),29,171,B1,B1,B2,25,山口貢輝,B1,40.87,27.78,33.33,20.27,56,https://race.kyotei.club/info/info-20210206-16-3.html,,,,(38),61,165,B1,B1,B1,43,川崎公靖,B1,35.44,36.96,40.00,32.11,53,(49),43,167,A2,A2,A2,39,桂林　寛,A2,38.43,40.74,26.67,28.81,54,(34),52,168,A2,A2,A2,55,土山卓也,A2,40.91,40.00,28.57,47.11,56
(24),60,163,B2,B2,,36,山下大輝,B2,32.64,0.00,31.25,1.56,52,(34),46,169,B1,B1,B1,65,松本弓雄,B1,30.77,27.78,45.00,22.67,52,(40),37,162,A2,A2,B1,40,森安弘雅,A2,30.43,45.16,26.67,43.81,52,https://race.kyotei.club/info/info-20210206-16-4.html,,,,(36),57,167,B2,A1,A1,44,長尾章平,B1,36.23,47.37,43.75,35.04,53,(45),65,167,A1,A1,A1,22,秋山広一,A1,37.19,55.00,53.33,44.55,52,(38),35,170,A2,A1,A2,38,岡谷健吾,A2,31.55,46.67,38.46,36.84,57
(33),21,168,B1,B1,B1,37,安部慎一,B1,33.71,7.14,37.50,22.89,52,(45),56,168,B1,B1,A2,66,小宮淳史,A2,36.36,48.08,43.75,33.90,56,(34),69,155,A1,A1,A1,61,片岡雅裕,A1,36.49,58.70,64.29,53.23,52,https://race.kyotei.club/info/info-20210206-16-9.html,,,,(63),24,160,B1,B1,B1,59,田中伸二,B1,30.39,39.13,14.29,23.29,52,(24),60,163,B2,B2,,36,山下大輝,B2,32.64,0.00,31.25,1.56,52,(43),40,171,B1,B1,B1,47,福田　理,B1,33.33,31.11,53.33,27.37,55
(45),70,168,A2,A2,A2,12,國崎良春,B1,36.67,38.89,35.71,35.58,53,(43),55,165,A2,B1,A2,63,松田憲幸,A2,34.03,27.78,26.32,42.11,53,(51),33,159,B1,B1,B1,53,森　秋光,A2,30.66,32.35,43.75,32.58,54,https://race.kyotei.club/info/info-20210206-16-5.html,,,,(37),73,171,A1,A1,A1,21,大峯　豊,A1,30.59,47.50,15.38,58.27,53,(46),22,169,A2,A2,A2,32,岡部貴司,B1,33.96,42.71,38.46,37.29,54,(33),21,168,B1,B1,B1,37,安部慎一,B1,33.71,7.14,37.50,22.89,52
(43),55,165,A2,B1,A2,63,松田憲幸,A2,34.03,27.78,26.32,42.11,53,(34),20,163,A1,A1,A1,56,古賀繁輝,A1,34.43,60.00,35.71,41.25,56,(34),52,168,A2,A2,A2,55,土山卓也,A2,40.91,40.00,28.57,47.11,56,https://race.kyotei.club/info/info-20210206-16-11.html,,,,(40),37,162,A2,A2,B1,40,森安弘雅,A2,30.43,45.16,26.67,43.81,52,(46),12,163,B1,B1,B1,11,津留浩一,B1,37.30,32.26,50.00,26.51,55,(36),13,161,A2,A2,A2,29,真庭明志,A1,35.71,31.58,33.33,40.65,52
(37),73,171,A1,A1,A1,21,大峯　豊,A1,30.59,47.50,15.38,58.27,53,(38),61,165,B1,B1,B1,43,川崎公靖,B1,35.44,36.96,40.00,32.11,53,(21),45,173,B1,B1,B2,46,末永和也,B1,35.81,0.00,37.50,13.83,53,https://race.kyotei.club/info/info-20210206-16-10.html,,,,(31),32,167,A2,A2,A2,51,古田祐貴,A2,32.64,38.71,23.08,33.59,51,(26),28,163,A2,A1,A2,58,川原祐明,A1,34.29,31.91,26.67,38.10,51,(31),27,169,A1,A1,A1,20,安河内将,A2,36.03,34.78,20.00,40.58,51
(38),25,158,B1,B1,B1,51,樋口喜彦,B1,31.91,20.00,41.46,28.26,54,(54),13,163,B1,B1,B1,17,中野和裕,B1,43.24,26.32,33.00,23.08,54,(46),43,161,B1,B1,A2,53,中渡修作,A2,30.43,36.73,30.05,29.21,53,https://race.kyotei.club/info/info-20210206-18-6.html,,,,(49),14,164,B1,B1,B1,36,古澤信二,B1,36.54,33.33,36.78,26.25,57,(34),49,172,A1,A1,A2,28,中田元泰,A2,13.64,25.00,37.06,43.33,56,(52),15,165,B2,B2,B2,37,橋本健造,B2,23.53,15.79,35.71,10.81,51
(36),54,163,A2,B1,B2,68,田路朋史,B1,34.89,30.00,31.58,35.14,52,(47),19,161,B1,B1,B1,50,信濃由行,B1,34.58,27.50,20.00,26.44,55,(38),35,170,A2,A1,A2,38,岡谷健吾,A2,31.55,46.67,38.46,36.84,57,https://race.kyotei.club/info/info-20210206-16-8.html,,,,(49),43,167,A2,A2,A2,39,桂林　寛,A2,38.43,40.74,26.67,28.81,54,(42),53,169,A1,A1,A1,42,森高一真,A1,31.86,64.10,40.00,49.61,50,(32),17,159,B2,A1,A1,33,菅　章哉,B2,33.51,48.39,71.43,55.56,52
(27),67,167,A2,A1,A1,40,近江翔吾,A1,24.00,38.71,38.86,47.90,52,(44),59,159,A2,A2,A2,48,別府昌樹,A2,40.00,34.00,31.40,42.02,52,(23),58,166,B1,B1,B2,21,高木圭大,B1,36.59,5.77,27.32,12.68,52,https://race.kyotei.club/info/info-20210206-18-2.html,,,,(45),64,164,A2,A2,A2,70,草場康幸,B1,40.82,37.93,37.50,24.49,52,(26),44,174,B2,B1,B2,57,中島　航,B1,45.83,0.00,41.23,30.65,51,(64),41,164,B1,B1,B1,56,新良一規,B1,28.30,38.05,33.17,31.37,51
(33),55,169,B1,B1,B1,60,津久井拓,B1,26.32,27.27,30.98,24.21,53,(41),18,165,A1,A1,A1,44,福島勇樹,A1,37.50,30.00,40.61,38.79,52,(25),68,170,B1,B1,B1,52,江頭賢太,B1,17.14,18.75,30.53,26.79,53,https://race.kyotei.club/info/info-20210206-18-4.html,,,,(31),11,163,B1,A2,A2,31,岡村将也,A2,28.07,42.11,28.02,29.58,55,(32),61,159,A1,A2,B1,59,三川昂暁,B1,38.78,37.50,32.04,42.05,55,(47),51,163,B1,B1,B1,65,竹田広樹,B1,30.51,30.19,33.68,19.05,55
(34),20,168,A2,A2,A2,39,田中辰彦,A2,19.57,41.30,44.32,35.29,56,(29),69,158,B1,A2,A2,23,渡邉　翼,A2,36.73,32.67,39.41,32.14,51,(40),28,159,A2,A2,B1,22,岡部大輔,A2,43.18,35.71,29.06,38.30,52,https://race.kyotei.club/info/info-20210206-18-5.html,,,,(51),19,160,B1,B1,B1,50,三好　一,B1,47.06,10.00,35.11,18.07,55,(23),57,161,B1,B1,B1,15,中　亮太,B1,29.55,5.88,27.93,31.82,53,(23),52,159,B1,B1,B1,62,加倉侑征,B1,45.00,14.81,24.54,23.75,49
(57),37,162,B1,B1,B1,19,大川茂実,B1,16.98,16.67,40.88,11.54,51,(64),41,164,B1,B1,B1,56,新良一規,B1,28.30,38.05,33.17,31.37,51,(42),26,166,B1,B1,A2,63,村上功祐,A2,18.75,42.86,38.17,28.92,59,https://race.kyotei.club/info/info-20210206-18-7.html,,,,(49),42,168,B1,B1,B1,32,宇土泰就,B1,32.73,36.67,36.26,21.74,55,(31),33,165,A1,A1,A1,61,今泉友吾,A1,34.04,0.00,33.50,39.84,51,(42),56,161,B1,B1,B1,13,渡辺史之,B1,18.37,23.08,32.35,18.42,50
(53),22,163,B1,B1,B1,26,吉原聖人,B1,33.33,48.28,34.00,25.44,51,(53),34,157,A1,A2,A2,33,竹上真司,A2,31.91,36.84,38.89,39.10,51,(51),19,160,B1,B1,B1,50,三好　一,B1,47.06,10.00,35.11,18.07,55,https://race.kyotei.club/info/info-20210206-18-1.html,,,,(52),15,165,B2,B2,B2,37,橋本健造,B2,23.53,15.79,35.71,10.81,51,(33),48,163,B1,B1,B1,34,井上尚悟,B1,32.00,6.67,26.14,17.20,52,(50),72,169,B1,B1,B1,64,白井弘文,B1,30.23,25.00,31.77,21.43,54
(53),34,157,A1,A2,A2,33,竹上真司,A2,31.91,36.84,38.89,39.10,51,(23),57,161,B1,B1,B1,15,中　亮太,B1,29.55,5.88,27.93,31.82,53,(44),24,167,A2,A2,A2,14,松本博昭,A2,23.08,34.29,33.50,39.50,55,https://race.kyotei.club/info/info-20210206-18-9.html,,,,(41),18,165,A1,A1,A1,44,福島勇樹,A1,37.50,30.00,40.61,38.79,52,(45),64,164,A2,A2,A2,70,草場康幸,B1,40.82,37.93,37.50,24.49,52,(32),61,159,A1,A2,B1,59,三川昂暁,B1,38.78,37.50,32.04,42.05,55
(39),47,165,B1,B1,B1,46,本岡勝利,B1,29.79,23.73,29.47,13.25,57,(44),24,167,A2,A2,A2,14,松本博昭,A2,23.08,34.29,33.50,39.50,55,(33),30,167,B1,B1,B1,67,吉崎悠司,B2,30.61,0.00,31.96,19.70,53,https://race.kyotei.club/info/info-20210206-18-3.html,,,,(55),50,162,A2,B1,B1,55,泉　具巳,B1,44.90,0.00,44.72,31.30,55,(48),39,171,A2,A2,A2,30,岩崎正哉,A2,38.78,40.00,28.93,41.60,58,(42),26,166,B1,B1,A2,63,村上功祐,A2,18.75,42.86,38.17,28.92,59
(46),43,161,B1,B1,A2,53,中渡修作,A2,30.43,36.73,30.05,29.21,53,(31),33,165,A1,A1,A1,61,今泉友吾,A1,34.04,0.00,33.50,39.84,51,(27),67,167,A2,A1,A1,40,近江翔吾,A1,24.00,38.71,38.86,47.90,52,https://race.kyotei.club/info/info-20210206-18-11.html,,,,(48),39,171,A2,A2,A2,30,岩崎正哉,A2,38.78,40.00,28.93,41.60,58,(54),13,163,B1,B1,B1,17,中野和裕,B1,43.24,26.32,33.00,23.08,54,(39),47,165,B1,B1,B1,46,本岡勝利,B1,29.79,23.73,29.47,13.25,57
(47),51,163,B1,B1,B1,65,竹田広樹,B1,30.51,30.19,33.68,19.05,55,(34),49,172,A1,A1,A2,28,中田元泰,A2,13.64,25.00,37.06,43.33,56,(55),50,162,A2,B1,B1,55,泉　具巳,B1,44.90,0.00,44.72,31.30,55,https://race.kyotei.club/info/info-20210206-18-10.html,,,,(44),59,159,A2,A2,A2,48,別府昌樹,A2,40.00,34.00,31.40,42.02,52,(29),69,158,B1,A2,A2,23,渡邉　翼,A2,36.73,32.67,39.41,32.14,51,(31),11,163,B1,A2,A2,31,岡村将也,A2,28.07,42.11,28.02,29.58,55
(50),72,169,B1,B1,B1,64,白井弘文,B1,30.23,25.00,31.77,21.43,54,(48),27,168,A2,B1,A2,41,横田　茂,A2,40.38,42.86,32.42,30.83,51,(39),40,167,B1,B1,A2,11,山口高志,A2,32.73,33.33,38.34,35.71,51,https://race.kyotei.club/info/info-20210206-18-8.html,,,,(23),54,170,B1,B1,B1,45,廣瀬篤哉,B2,39.13,4.35,29.80,12.90,56,(44),36,170,A1,A1,A1,66,岡田憲行,A1,30.61,57.35,32.12,43.33,53,(27),71,159,B1,B1,B1,16,高岡竜也,B1,19.15,22.82,24.44,21.78,52
(35),15,168,A2,A2,A2,50,木下大將,B1,40.91,32.84,31.54,29.41,52,(39),45,167,A1,A1,A1,48,興津　藍,A1,32.75,42.86,29.41,67.80,50,(36),52,168,B1,A1,A2,18,横川聖志,A2,38.29,28.57,42.67,44.68,54,https://race.kyotei.club/info/info-20210206-21-4.html,,,,(46),59,170,A1,A2,A1,44,正木聖賢,A2,32.20,50.00,23.13,41.75,52,(20),49,160,B2,B2,,60,常住　蓮,B1,38.80,0.00,34.87,7.41,52,(41),64,161,B1,B1,B1,22,片岡恵里,B1,36.93,27.78,23.40,31.58,48
(28),16,158,B1,B1,B1,15,北川太一,B1,27.44,31.58,29.46,37.36,50,(62),50,163,A2,A2,A2,52,富山弘幸,B1,33.33,30.77,23.24,27.27,55,(36),38,159,B1,B1,B1,26,木村亮太,B1,32.95,18.75,28.08,37.84,53,https://race.kyotei.club/info/info-20210206-21-7.html,,,,(44),46,163,B1,B1,B1,57,藤井　理,B1,35.80,17.86,31.62,16.13,62,(22),72,169,B1,B1,B2,58,荒牧凪沙,B1,39.66,5.00,42.47,20.00,51,(37),71,168,B1,A2,B1,47,上野秀和,B1,27.39,28.92,25.19,26.61,58
(53),13,156,B1,B1,B1,46,柳澤千春,B1,35.96,11.54,25.81,15.71,46,(42),12,170,A2,A2,A2,30,出畑孝典,A2,32.22,38.75,30.52,42.16,54,(31),39,163,A1,A1,A1,33,西野雄貴,A1,24.39,46.81,30.77,49.46,53,https://race.kyotei.club/info/info-20210206-21-2.html,,,,(42),27,166,B1,B1,B1,9,福嶋智之,B1,48.48,20.00,40.71,30.21,53,(27),66,169,B1,B1,B1,21,山下流心,B1,26.38,20.51,36.11,29.23,57,(44),46,163,B1,B1,B1,57,藤井　理,B1,35.80,17.86,31.62,16.13,62
(51),55,155,B1,B1,B1,27,岡部　浩,B1,33.99,28.57,45.07,24.10,52,(30),67,165,A1,A1,A1,37,島村隆幸,A1,26.54,32.26,33.56,53.38,51,(51),28,164,B1,B1,B1,7,柳瀬興志,B1,33.33,17.39,23.70,32.41,58,https://race.kyotei.club/info/info-20210206-21-1.html,,,,(42),35,165,B1,B1,B1,11,小西英輝,B1,32.14,33.33,28.21,21.28,53,(49),51,165,B1,B1,B1,8,道上千夏,B1,34.78,0.00,25.00,26.37,49,(62),50,163,A2,A2,A2,52,富山弘幸,B1,33.33,30.77,23.24,27.27,55
(34),20,162,B1,A2,B1,28,大田直弥,B1,35.56,28.81,31.54,24.56,52,(27),65,170,A2,A1,A2,32,竹田和哉,A1,33.14,35.56,18.11,48.45,53,(44),54,163,A2,A2,A2,16,森岡満郎,B1,37.43,54.35,29.41,26.09,54,https://race.kyotei.club/info/info-20210206-21-10.html,,,,(49),51,165,B1,B1,B1,8,道上千夏,B1,34.78,0.00,25.00,26.37,49,(24),32,169,A2,B2,A2,25,入海　馨,A2,19.11,54.17,42.45,45.61,54,(36),52,168,B1,A1,A2,18,横川聖志,A2,38.29,28.57,42.67,44.68,54
(27),65,170,A2,A1,A2,32,竹田和哉,A1,33.14,35.56,18.11,48.45,53,(47),60,158,A1,A2,A1,23,明石正之,A2,34.44,32.56,29.14,46.51,51,(44),18,167,B1,B1,B1,19,石川哲秀,B1,34.64,24.00,43.67,18.75,54,https://race.kyotei.club/info/info-20210206-21-3.html,,,,(37),14,166,B1,B1,B1,20,笠　雅雄,B1,36.61,5.56,29.68,19.57,61,(23),74,160,B2,B2,,55,山口真喜,B2,24.84,0.00,29.66,2.90,49,(42),57,171,A1,A1,A1,1,田村隆信,A1,42.61,71.43,33.55,52.87,55
(21),37,157,B1,B2,B2,6,高憧四季,B1,34.88,0.00,38.62,25.00,47,(48),69,158,A1,A2,A2,40,岩崎芳美,A1,34.76,48.39,29.81,46.90,48,(27),66,169,B1,B1,B1,21,山下流心,B1,26.38,20.51,36.11,29.23,57,https://race.kyotei.club/info/info-20210206-21-8.html,,,,(44),18,167,B1,B1,B1,19,石川哲秀,B1,34.64,24.00,43.67,18.75,54,(46),59,170,A1,A2,A1,44,正木聖賢,A2,32.20,50.00,23.13,41.75,52,(33),44,171,B1,B1,B1,65,浜崎準也,A2,39.78,29.41,37.58,34.07,50
(27),21,152,B1,B1,B1,39,蒲原健太,B1,32.00,19.05,36.30,15.31,53,(53),13,156,B1,B1,B1,46,柳澤千春,B1,35.96,11.54,25.81,15.71,46,(37),68,166,A2,A2,A2,53,葛原大陽,A2,37.22,23.08,33.99,32.74,50,https://race.kyotei.club/info/info-20210206-21-9.html,,,,(50),34,164,A2,A2,B1,51,室田泰史,A2,38.42,43.40,31.37,45.45,54,(51),28,164,B1,B1,B1,7,柳瀬興志,B1,33.33,17.39,23.70,32.41,58,(37),14,166,B1,B1,B1,20,笠　雅雄,B1,36.61,5.56,29.68,19.57,61
(42),35,165,B1,B1,B1,11,小西英輝,B1,32.14,33.33,28.21,21.28,53,(27),19,164,A1,A1,A1,2,石丸海渡,A1,27.54,32.61,34.42,45.00,56,(44),26,170,A1,A1,A1,31,佐々木和,A2,28.57,41.67,32.39,40.00,55,https://race.kyotei.club/info/info-20210206-21-5.html,,,,(44),54,163,A2,A2,A2,16,森岡満郎,B1,37.43,54.35,29.41,26.09,54,(37),68,166,A2,A2,A2,53,葛原大陽,A2,37.22,23.08,33.99,32.74,50,(38),48,157,B1,B1,B1,41,大橋栄里,B1,24.69,25.49,37.93,24.10,48
(41),73,164,B1,A2,B1,68,冨成謙児,B1,34.47,27.50,26.92,22.40,53,(37),88,166,B1,A2,B1,64,吉田和仁,A2,35.60,17.86,29.13,32.74,55,(30),39,164,B2,B1,B1,37,橋本英一,B1,45.96,10.00,25.77,27.69,53,https://race.kyotei.club/info/info-20210206-23-1.html,,,,(26),90,165,B1,B1,B1,63,吉武真也,B1,32.47,20.69,35.64,12.68,52,(24),86,169,B2,B1,B1,66,中村将隆,B1,35.39,11.11,29.79,11.11,58,(57),43,162,B1,B1,B1,41,松本真吾,B1,30.81,9.30,23.68,14.02,52
(33),58,160,A1,A1,A1,42,平高奈菜,A1,42.39,33.33,33.33,49.07,47,(51),55,155,B1,B1,B1,27,岡部　浩,B1,33.99,28.57,45.07,24.10,52,(34),20,162,B1,A2,B1,28,大田直弥,B1,35.56,28.81,31.54,24.56,52,https://race.kyotei.club/info/info-20210206-21-6.html,,,,(36),75,167,A1,A2,A1,64,中越博紀,A2,33.72,39.29,36.18,31.86,54,(22),31,162,B1,B2,B2,34,品川二千,B1,43.09,0.00,28.47,20.00,52,(24),24,167,B1,B1,B1,14,羽野　諒,B1,32.02,7.74,31.29,13.10,52
(24),79,161,B1,B1,B1,19,牧山敦也,B1,38.24,16.13,31.13,22.31,52,(32),35,162,A1,A2,A1,38,森永　隆,A1,40.68,39.29,32.11,47.71,51,(38),69,164,B1,B1,B1,14,田中太一,B1,29.70,32.28,46.53,29.89,53,https://race.kyotei.club/info/info-20210206-23-3.html,,,,(52),33,164,B1,B1,A2,35,寳田亮治,B2,27.54,0.00,35.96,17.57,53,(21),52,158,B2,B2,B2,44,川崎智稔,B2,29.22,0.00,30.91,2.04,50,(43),84,159,B1,A2,A2,31,表　憲一,A2,37.50,45.45,30.21,31.97,54
(33),44,171,B1,B1,B1,65,浜崎準也,A2,39.78,29.41,37.58,34.07,50,(44),26,170,A1,A1,A1,31,佐々木和,A2,28.57,41.67,32.39,40.00,55,(41),64,161,B1,B1,B1,22,片岡恵里,B1,36.93,27.78,23.40,31.58,48,https://race.kyotei.club/info/info-20210206-21-11.html,,,,(28),16,158,B1,B1,B1,15,北川太一,B1,27.44,31.58,29.46,37.36,50,(36),75,167,A1,A2,A1,64,中越博紀,A2,33.72,39.29,36.18,31.86,54,(42),12,170,A2,A2,A2,30,出畑孝典,A2,32.22,38.75,30.52,42.16,54
(20),80,167,B2,,,60,佐藤太亮,B2,28.04,0.00,30.10,0.00,53,(48),78,170,A1,B2,A1,57,平尾崇典,A1,34.66,76.67,37.37,57.62,50,(40),65,167,A2,A2,A2,52,待鳥雄紀,A2,28.57,31.48,47.57,39.10,56,https://race.kyotei.club/info/info-20210206-23-4.html,,,,(47),68,164,B1,B1,B1,39,松下知幸,B1,39.01,0.00,25.69,23.53,49,(44),32,167,A2,A2,A2,32,中島友和,A2,36.36,42.31,25.77,44.44,53,(48),82,164,B1,B1,B1,47,樫葉次郎,B1,27.44,38.89,28.16,26.83,58
(57),43,162,B1,B1,B1,41,松本真吾,B1,30.81,9.30,23.68,14.02,52,(35),37,169,B1,B1,B1,43,豊田泰洋,B1,30.00,0.00,46.53,14.00,60,(46),44,160,A2,A2,A2,46,川村正輝,A2,24.69,33.33,33.02,30.37,51,https://race.kyotei.club/info/info-20210206-23-5.html,,,,(49),46,162,A2,B1,A2,40,竹村祥司,B1,32.32,21.43,24.07,31.25,53,(35),42,166,A2,A1,A1,54,松尾昂明,A2,30.05,50.00,36.00,41.54,51,(46),85,168,B1,A2,B1,21,宮地秀祈,B1,37.88,36.00,38.24,26.51,52
(21),52,158,B2,B2,B2,44,川崎智稔,B2,29.22,0.00,30.91,2.04,50,(50),36,160,A2,B1,A2,58,川添英正,B1,34.04,38.10,25.00,31.47,51,(32),35,162,A1,A2,A1,38,森永　隆,A1,40.68,39.29,32.11,47.71,51,https://race.kyotei.club/info/info-20210206-23-7.html,,,,(56),87,161,B1,B1,B1,55,星野政彦,B1,29.33,27.91,29.52,22.81,54,(40),74,161,A2,A2,A2,30,山本修一,A1,41.58,50.00,39.25,43.38,54,(41),73,164,B1,A2,B1,68,冨成謙児,B1,34.47,27.50,26.92,22.40,53
(20),71,167,B2,B2,B2,59,香川颯太,B1,37.44,0.00,31.19,2.38,52,(31),75,162,B1,B1,B1,15,松尾光広,B1,40.96,37.04,18.29,23.29,56,(24),86,169,B2,B1,B1,66,中村将隆,B1,35.39,11.11,29.79,11.11,58,https://race.kyotei.club/info/info-20210206-23-6.html,,,,(49),81,162,A2,A2,A1,65,木村光宏,A2,41.67,65.00,41.75,44.60,54,(52),40,161,A1,A1,A1,26,丸尾義孝,A1,36.45,46.67,28.83,51.59,52,(32),72,161,B1,B1,A2,42,東　潤樹,B1,34.55,27.03,29.00,27.68,52
(48),82,164,B1,B1,B1,47,樫葉次郎,B1,27.44,38.89,28.16,26.83,58,(35),56,168,B1,B1,B1,70,尾崎雄二,B1,31.22,19.35,40.95,24.18,52,(24),79,161,B1,B1,B1,19,牧山敦也,B1,38.24,16.13,31.13,22.31,52,https://race.kyotei.club/info/info-20210206-23-8.html,,,,(51),47,166,B1,B1,B1,67,赤峰和也,B1,28.81,27.93,20.51,19.10,53,(20),80,167,B2,,,60,佐藤太亮,B2,28.04,0.00,30.10,0.00,53,(26),90,165,B1,B1,B1,63,吉武真也,B1,32.47,20.69,35.64,12.68,52
(35),56,168,B1,B1,B1,70,尾崎雄二,B1,31.22,19.35,40.95,24.18,52,(51),49,166,A1,A2,A2,61,大庭元明,A2,28.72,28.95,29.41,42.48,56,(56),87,161,B1,B1,B1,55,星野政彦,B1,29.33,27.91,29.52,22.81,54,https://race.kyotei.club/info/info-20210206-23-2.html,,,,(42),77,168,A1,A1,A1,23,谷村一哉,A1,25.00,44.44,41.51,57.05,56,(20),71,167,B2,B2,B2,59,香川颯太,B1,37.44,0.00,31.19,2.38,52,(51),47,166,B1,B1,B1,67,赤峰和也,B1,28.81,27.93,20.51,19.10,53
(42),77,168,A1,A1,A1,23,谷村一哉,A1,25.00,44.44,41.51,57.05,56,(35),42,166,A2,A1,A1,54,松尾昂明,A2,30.05,50.00,36.00,41.54,51,(32),72,161,B1,B1,A2,42,東　潤樹,B1,34.55,27.03,29.00,27.68,52,https://race.kyotei.club/info/info-20210206-23-10.html,,,,(43),84,159,B1,A2,A2,31,表　憲一,A2,37.50,45.45,30.21,31.97,54,(49),81,162,A2,A2,A1,65,木村光宏,A2,41.67,65.00,41.75,44.60,54,(48),78,170,A1,B2,A1,57,平尾崇典,A1,34.66,76.67,37.37,57.62,50
(52),33,164,B1,B1,A2,35,寳田亮治,B2,27.54,0.00,35.96,17.57,53,(40),65,167,A2,A2,A2,52,待鳥雄紀,A2,28.57,31.48,47.57,39.10,56,(46),85,168,B1,A2,B1,21,宮地秀祈,B1,37.88,36.00,38.24,26.51,52,https://race.kyotei.club/info/info-20210206-23-9.html,,,,(38),69,164,B1,B1,B1,14,田中太一,B1,29.70,32.28,46.53,29.89,53,(49),46,162,A2,B1,A2,40,竹村祥司,B1,32.32,21.43,24.07,31.25,53,(37),88,166,B1,A2,B1,64,吉田和仁,A2,35.60,17.86,29.13,32.74,55
(50),36,160,A2,B1,A2,58,川添英正,B1,34.04,38.10,25.00,31.47,51,(46),44,160,A2,A2,A2,46,川村正輝,A2,24.69,33.33,33.02,30.37,51,(47),68,164,B1,B1,B1,39,松下知幸,B1,39.01,0.00,25.69,23.53,49,https://race.kyotei.club/info/info-20210206-23-11.html,,,,(44),32,167,A2,A2,A2,32,中島友和,A2,36.36,42.31,25.77,44.44,53,(51),49,166,A1,A2,A2,61,大庭元明,A2,28.72,28.95,29.41,42.48,56,(52),40,161,A1,A1,A1,26,丸尾義孝,A1,36.45,46.67,28.83,51.59,52
